,0,1,2,3,4,5,6,7,8,9,10,11,12,13,14,15,16,17,18,19,20,21,22,23,24,25,26,27,28,29,30,31,32,33,34,35,36,37,38,39,40,41,42,43,44,45,46,47,48,49,50,51,52,53,54,55,56,57,58,59,60,61,62,63,64,65,66,67,68,69,70,71,72,73,74,75,76,77,78,79,80,81,82,83,84,85,86,87,88,89,90,91,92,93,94,95,96,97,98,99,100,101,102,103,104,105,106,107,108,109,110,111,112,113,114,115,116,117,118,119,120,121,122,123,124,125,126,127
0,2.052912811833333,1.4869976045,1.24509510365,0.9853248596,0.560621134925,0.1502727319733333,-2.570213556,-4.853778839249999,-7.701783180499999,-9.69259143025,-6.501841148333334,-4.60989111675,-1.005788817625,-0.7556397319,-0.6493492723,-0.1321504159583333,0.3008508969825,1.289535522,1.841451883,2.9468116760000003,3.4703228475000003,3.61357063075,3.855014861,3.9003715520000006,3.2960736155,1.3560180268333333,-2.937801361,-6.99119460575,-3.3301294500550003,2.4787364869725,3.3712608413333336,3.645641088,3.0257660445,1.166140914,1.67697656175,2.233627100833333,2.02990365,1.92071157675,1.15422901515,0.7153226733,-1.1920008161166666,-2.23530694825,-2.990793943,-4.0668321845,-6.098568320250001,-8.257975260333334,-5.056738853,-4.127613484499999,-1.3402373790000002,-0.794124245625,-0.5599594016833332,-0.2993237376,-0.0448985546749999,0.7183769941000001,1.585652292025,2.5946481425,3.1169375177500003,3.19299018375,3.187492371,3.187492371,2.736470620166666,1.5954260306,0.3488037884,-2.7800456138,-3.65892738075,0.8158099251666666,2.1561999915,3.961916268,3.4550511835,2.890001297,2.1529929241666665,2.71804273125,2.640157461,1.9410227535,1.1209368705,0.9837977439,0.4224130064,0.011453710525,-0.5259546041,-1.614057511025,-2.6761985225,-4.73175841575,-10.47877407,-10.004437923,-4.5344493982500005,-0.41070476665,0.1994473452475,-0.1131626993825,-0.1890626475,0.382401358325,1.00782505145,1.4139992295,2.3956589702500004,2.884503484,3.30600023275,3.4194174608333334,3.6412121655,3.353494942,2.739117622,1.02106046665,-4.1044004758,-8.075632095,-6.2376927582,0.6658425631,2.9008440972500003,3.162956039166667,3.06470871,2.5395176859750004,0.9639446139,1.7432553024750002,2.0783656045,1.91490837975,1.2930480245,0.67225670825,0.3103193045,-0.2338594098999999,-0.912173852225,-2.3211334345,-3.8912085295,-7.249437451,-9.841031231833332,-8.29875045875,-2.1303908825,-0.406835950925,-0.3408625424,-0.25951571765,0.45707957445,0.8588758707
1,-3.65892738075,0.8158099251666666,2.1561999915,3.961916268,3.4550511835,2.890001297,2.1529929241666665,2.71804273125,2.640157461,1.9410227535,1.1209368705,0.9837977439,0.4224130064,0.011453710525,-0.5259546041,-1.614057511025,-2.6761985225,-4.73175841575,-10.47877407,-10.004437923,-4.5344493982500005,-0.41070476665,0.1994473452475,-0.1131626993825,-0.1890626475,0.382401358325,1.00782505145,1.4139992295,2.3956589702500004,2.884503484,3.30600023275,3.4194174608333334,3.6412121655,3.353494942,2.739117622,1.02106046665,-4.1044004758,-8.075632095,-6.2376927582,0.6658425631,2.9008440972500003,3.162956039166667,3.06470871,2.5395176859750004,0.9639446139,1.7432553024750002,2.0783656045,1.91490837975,1.2930480245,0.67225670825,0.3103193045,-0.2338594098999999,-0.912173852225,-2.3211334345,-3.8912085295,-7.249437451,-9.841031231833332,-8.29875045875,-2.1303908825,-0.406835950925,-0.3408625424,-0.25951571765,0.45707957445,0.8588758707,1.3643664718500002,2.3761113285,2.7198754945,3.6668685675,3.9597781895,4.191143036,3.28629982475,1.8676173486166665,-1.833663314475,-5.79160881,-5.7008955475,-2.3958117365,0.7189878030000001,1.5363248887499998,2.77271521075,2.623053312,2.442237377,1.7763947845,1.913533956,2.724457026,2.3521348835,1.979812741,1.3077597021666667,1.0054834637,0.7819069028,0.34300056473,-0.41111200861,-1.7434080441166666,-3.263850451,-4.6373798255,-9.7038922295,-7.40200114175,-5.459502061166667,-0.895833240575,-0.186161039425,-0.4349357188,-0.2232710719,0.5484547366333333,1.207679629,1.51509734975,2.437350512,3.21711945575,3.484169165666667,3.519802809,3.382052839,2.968802929,1.54808410975,-0.88229233,-1.27365303,-1.27365303,-0.3885099886,0.4966330528,2.806414644133333,3.22551864375,2.676198483,1.9697334175,1.851531059,2.085899512333333,2.219271779,1.9735514225,1.7586797479999998,1.320689678,0.9419534801666668,0.5406153202
2,1.3643664718500002,2.3761113285,2.7198754945,3.6668685675,3.9597781895,4.191143036,3.28629982475,1.8676173486166665,-1.833663314475,-5.79160881,-5.7008955475,-2.3958117365,0.7189878030000001,1.5363248887499998,2.77271521075,2.623053312,2.442237377,1.7763947845,1.913533956,2.724457026,2.3521348835,1.979812741,1.3077597021666667,1.0054834637,0.7819069028,0.34300056473,-0.41111200861,-1.7434080441166666,-3.263850451,-4.6373798255,-9.7038922295,-7.40200114175,-5.459502061166667,-0.895833240575,-0.186161039425,-0.4349357188,-0.2232710719,0.5484547366333333,1.207679629,1.51509734975,2.437350512,3.21711945575,3.484169165666667,3.519802809,3.382052839,2.968802929,1.54808410975,-0.88229233,-1.27365303,-1.27365303,-0.3885099886,0.4966330528,2.806414644133333,3.22551864375,2.676198483,1.9697334175,1.851531059,2.085899512333333,2.219271779,1.9735514225,1.7586797479999998,1.320689678,0.9419534801666668,0.5406153202,-0.2664897441000001,-3.2168139215,-5.3213957545,-5.846586704,-6.4415689705000005,-6.788692832000001,-1.37261313195,-0.2700022459,-0.5781835317166667,-1.026863694,-1.026863694,-0.51633346075,1.015257239,1.4392992056666667,3.59478646525,3.724442482,3.795913696,3.795913696,3.724137147166666,2.5210389944,0.06734783945,-4.740310669,-7.51974535,-0.8066469232333334,1.9072725475,3.174664259,3.594328403,2.573573351,1.155857980333333,1.222340465,1.59725871725,2.6126686335,2.295782506,1.783521532666667,1.36589363195,0.78236506505,0.1808159798,-1.5427390228000002,-4.3438593945,-6.770825386,-7.983697414500001,-8.9809341435,-3.62135910975,-2.349996755283333,-0.5073231979999999,-0.455399699525,-0.4453204274,0.1447749435999999,0.57553642,1.745851517,2.01249402775,3.0518804785000007,3.291339397,3.6573492285,3.58409631225,3.437947035,2.9064946175,0.759610339975,-0.7729475399166666,-5.027569711249999,-2.0894628984,1.1575887947,2.56700658775,2.544328153375
3,-0.2664897441000001,-3.2168139215,-5.3213957545,-5.846586704,-6.4415689705000005,-6.788692832000001,-1.37261313195,-0.2700022459,-0.5781835317166667,-1.026863694,-1.026863694,-0.51633346075,1.015257239,1.4392992056666667,3.59478646525,3.724442482,3.795913696,3.795913696,3.724137147166666,2.5210389944,0.06734783945,-4.740310669,-7.51974535,-0.8066469232333334,1.9072725475,3.174664259,3.594328403,2.573573351,1.155857980333333,1.222340465,1.59725871725,2.6126686335,2.295782506,1.783521532666667,1.36589363195,0.78236506505,0.1808159798,-1.5427390228000002,-4.3438593945,-6.770825386,-7.983697414500001,-8.9809341435,-3.62135910975,-2.349996755283333,-0.5073231979999999,-0.455399699525,-0.4453204274,0.1447749435999999,0.57553642,1.745851517,2.01249402775,3.0518804785000007,3.291339397,3.6573492285,3.58409631225,3.437947035,2.9064946175,0.759610339975,-0.7729475399166666,-5.027569711249999,-2.0894628984,1.1575887947,2.56700658775,2.544328153375,2.117257357,1.029307127,1.3933825495,2.51431941975,2.6570581593333333,2.062890381,1.79044467225,1.02686369395,-0.1531743556,-0.9498947164166666,-1.6652174,-2.2455389502500003,-4.7381727695,-9.454201577,-9.415666140833334,-2.3518293205000003,-1.397505864675,-0.9095776677,-0.8605557828749999,-0.3376046120933333,0.7710640579500001,1.432477951,2.1090106965,2.484997988,3.345299204,3.7800313235,4.015519618999999,3.976424336500001,3.494299293,0.5505927798333335,-4.780627728,-5.2082331185,-3.9333583715,0.5453495087500001,1.4625120563333336,2.8142540455,2.582125485,2.177122116,1.31717720625,1.27365307,1.58870652275,1.455538034,1.3762783999999997,0.7284562586749999,0.4908298452833333,0.3824013472,0.2036215911333333,0.1142317131,-2.013410298225,-3.829714854666667,-9.47008371375,-9.04797637475,-5.068650484,-1.392160832925,-0.26878050465,-0.1154534446225,0.1612683080575,0.82039141675,1.6027564405,2.0023128983333334,3.0833399295,3.246899009,3.377471447,3.58821976175
4,2.117257357,1.029307127,1.3933825495,2.51431941975,2.6570581593333333,2.062890381,1.79044467225,1.02686369395,-0.1531743556,-0.9498947164166666,-1.6652174,-2.2455389502500003,-4.7381727695,-9.454201577,-9.415666140833334,-2.3518293205000003,-1.397505864675,-0.9095776677,-0.8605557828749999,-0.3376046120933333,0.7710640579500001,1.432477951,2.1090106965,2.484997988,3.345299204,3.7800313235,4.015519618999999,3.976424336500001,3.494299293,0.5505927798333335,-4.780627728,-5.2082331185,-3.9333583715,0.5453495087500001,1.4625120563333336,2.8142540455,2.582125485,2.177122116,1.31717720625,1.27365307,1.58870652275,1.455538034,1.3762783999999997,0.7284562586749999,0.4908298452833333,0.3824013472,0.2036215911333333,0.1142317131,-2.013410298225,-3.829714854666667,-9.47008371375,-9.04797637475,-5.068650484,-1.392160832925,-0.26878050465,-0.1154534446225,0.1612683080575,0.82039141675,1.6027564405,2.0023128983333334,3.0833399295,3.246899009,3.377471447,3.58821976175,3.4443611305000004,2.987128735,1.08596479925,-5.9122548105,-4.179078698,-2.2118395961666666,2.7102543115,3.1557273865,3.3005023,2.10656720425,1.2807798186666668,1.362839341,1.27686011775,0.7886264323500001,0.332005016475,0.1092429905666666,-0.6322450489,-0.639728128875,-0.6181951761,-1.153312682775,-3.3530367415000004,-7.77325415575,-9.125555873,-5.519163250999999,-1.2209659814,-0.4203767751333334,0.2205221802,0.0515162621933333,-0.03298669681,1.1009310640475,2.4161739151666666,3.44787359225,3.9167122845,4.161516428,4.2236208915,3.8710501195,3.152825892,2.020740747,-2.5286747220000003,-8.15748798825,-4.328078647466666,0.2981020212,0.9393573104,2.7803510425,2.697578907,1.3028727469666668,0.696538567525,0.7171552777,1.48043075185,2.03341612225,1.5927281376666669,1.3509274867249998,0.7189878374750001,-0.0229074358499999,-0.3781253099,-2.0248131159833336,-3.428783894,-5.3113163705,-10.323614596,-5.7289954425000005,-3.760890950750001,-0.546571269625,-0.6017018109750001,-0.34300058335
5,3.4443611305000004,2.987128735,1.08596479925,-5.9122548105,-4.179078698,-2.2118395961666666,2.7102543115,3.1557273865,3.3005023,2.10656720425,1.2807798186666668,1.362839341,1.27686011775,0.7886264323500001,0.332005016475,0.1092429905666666,-0.6322450489,-0.639728128875,-0.6181951761,-1.153312682775,-3.3530367415000004,-7.77325415575,-9.125555873,-5.519163250999999,-1.2209659814,-0.4203767751333334,0.2205221802,0.0515162621933333,-0.03298669681,1.1009310640475,2.4161739151666666,3.44787359225,3.9167122845,4.161516428,4.2236208915,3.8710501195,3.152825892,2.020740747,-2.5286747220000003,-8.15748798825,-4.328078647466666,0.2981020212,0.9393573104,2.7803510425,2.697578907,1.3028727469666668,0.696538567525,0.7171552777,1.48043075185,2.03341612225,1.5927281376666669,1.3509274867249998,0.7189878374750001,-0.0229074358499999,-0.3781253099,-2.0248131159833336,-3.428783894,-5.3113163705,-10.323614596,-5.7289954425000005,-3.760890950750001,-0.546571269625,-0.6017018109750001,-0.34300058335,-0.1649334878,0.8637628083666667,1.955989063,2.637714148,3.1169375185000003,3.884794474,4.095542749,4.08256191025,3.72398442025,2.1612395645,-1.66384300575,-4.9404707750000005,-7.378635883,-5.09262710775,2.1047346595,2.68093276025,2.6927936871666667,2.021504313,0.83612120185,1.1850777267,2.549749613,2.2985823151666662,1.773544099222222,1.2950333753333334,0.44012810295,-0.1276707351,-1.4600686185166667,-2.4025312065,-3.078758478,-5.444637656,-8.65076172325,-5.057247817333334,-1.68873569375,-1.447596788,-1.21898067,-0.9418007881,-0.4450149945633333,0.1586721334649999,0.8784235716,1.7311907413,2.9261949065,3.8382670481666663,4.33484911925,4.165486812499999,3.927555084,3.786750793,-0.0766635140333333,-4.078285873,-6.767007231999999,-3.3383760455,0.5465712247500001,1.770693361666667,3.523009956,3.2271986004999995,2.0668609735,1.5997021795,1.9883649548333333,2.055865496,1.706756234,1.3442079722000002,0.71501724425,0.32324928545,0.049480043375,-0.85826504235
6,-0.1649334878,0.8637628083666667,1.955989063,2.637714148,3.1169375185000003,3.884794474,4.095542749,4.08256191025,3.72398442025,2.1612395645,-1.66384300575,-4.9404707750000005,-7.378635883,-5.09262710775,2.1047346595,2.68093276025,2.6927936871666667,2.021504313,0.83612120185,1.1850777267,2.549749613,2.2985823151666662,1.773544099222222,1.2950333753333334,0.44012810295,-0.1276707351,-1.4600686185166667,-2.4025312065,-3.078758478,-5.444637656,-8.65076172325,-5.057247817333334,-1.68873569375,-1.447596788,-1.21898067,-0.9418007881,-0.4450149945633333,0.1586721334649999,0.8784235716,1.7311907413,2.9261949065,3.8382670481666663,4.33484911925,4.165486812499999,3.927555084,3.786750793,-0.0766635140333333,-4.078285873,-6.767007231999999,-3.3383760455,0.5465712247500001,1.770693361666667,3.523009956,3.2271986004999995,2.0668609735,1.5997021795,1.9883649548333333,2.055865496,1.706756234,1.3442079722000002,0.71501724425,0.32324928545,0.049480043375,-0.85826504235,-2.5561637285,-3.44955349,-6.7465942703333335,-8.64923429475,-6.413469315,-3.8490589860000006,-1.284648657,-0.8341358403333333,-0.5861247368,-0.1123991162,0.3628536685999999,0.8381064534,1.6016874014000002,2.15009129025,3.4041967985,3.806298375,4.15983641125,3.903833230333333,3.010494411,1.292284421775,-0.4166097939,-5.765952713475,-2.5510730945,1.439808249,1.88176891175,3.119075537,2.3057091830000003,1.1943424543333334,1.28357964775,2.06808269,2.589455843,2.589455843,1.6843578221666666,1.082146954,-0.3310887031,-1.1310161051999998,-1.481957912,-1.4819579119999997,-1.481957912,-1.481957912,-3.0176720615000003,-3.01446503375,-1.1194097001666667,-0.795651361325,-0.598189331625,-0.431881398,0.3400989696,1.0229948859,1.645669699,1.645669699,2.276998401,3.1974189875,3.3336927886666667,3.48131847375,3.16473776125,2.682307243,-0.15088358525,-2.818530062666667,-5.63797628925,-2.620609835075,1.47371134185,2.97857666,3.019911925,2.73255097875
7,-2.5561637285,-3.44955349,-6.7465942703333335,-8.64923429475,-6.413469315,-3.8490589860000006,-1.284648657,-0.8341358403333333,-0.5861247368,-0.1123991162,0.3628536685999999,0.8381064534,1.6016874014000002,2.15009129025,3.4041967985,3.806298375,4.15983641125,3.903833230333333,3.010494411,1.292284421775,-0.4166097939,-5.765952713475,-2.5510730945,1.439808249,1.88176891175,3.119075537,2.3057091830000003,1.1943424543333334,1.28357964775,2.06808269,2.589455843,2.589455843,1.6843578221666666,1.082146954,-0.3310887031,-1.1310161051999998,-1.481957912,-1.4819579119999997,-1.481957912,-1.481957912,-3.0176720615000003,-3.01446503375,-1.1194097001666667,-0.795651361325,-0.598189331625,-0.431881398,0.3400989696,1.0229948859,1.645669699,1.645669699,2.276998401,3.1974189875,3.3336927886666667,3.48131847375,3.16473776125,2.682307243,-0.15088358525,-2.818530062666667,-5.63797628925,-2.620609835075,1.47371134185,2.97857666,3.019911925,2.73255097875,1.79838600775,1.327103734,1.532048821,2.2358668645,1.92819467175,1.809992313,1.6328415275,1.042898908375,0.1849902210166666,-0.3022253419099999,-1.76234486675,-4.027125955,-4.999927998,-9.659197254333334,-9.574083328,-7.6642146705,-1.20218186085,-0.485790207975,-0.3727293213166667,-0.070860303925,0.7324268818499999,1.70958145,2.2272129856666667,2.8160865836111117,3.49720078675,3.7409359215,3.8765479325,3.9196138975,3.6338309841666665,1.70706158155,-0.9156862721,-5.860025883,-5.84353268125,0.1929314137333333,3.356701851,3.45199680325,3.7378816600000007,2.090837419,1.6125811736666666,2.0230314135,2.193004608,2.193004608,1.5268565415,1.0772599976666666,0.8165734560750001,0.051923513425,-0.7229584751,-2.4045165177500003,-4.364730596666667,-8.941991329,-11.42928028,-7.548150777500001,-1.604894504025,-0.4787143617833333,-0.4271471873,-0.484415754675,-0.120340354715,0.08979712427,1.133866884045,2.434907019,3.255909204,3.689317822,4.082867384,3.6684465411666665
8,1.79838600775,1.327103734,1.532048821,2.2358668645,1.92819467175,1.809992313,1.6328415275,1.042898908375,0.1849902210166666,-0.3022253419099999,-1.76234486675,-4.027125955,-4.999927998,-9.659197254333334,-9.574083328,-7.6642146705,-1.20218186085,-0.485790207975,-0.3727293213166667,-0.070860303925,0.7324268818499999,1.70958145,2.2272129856666667,2.8160865836111117,3.49720078675,3.7409359215,3.8765479325,3.9196138975,3.6338309841666665,1.70706158155,-0.9156862721,-5.860025883,-5.84353268125,0.1929314137333333,3.356701851,3.45199680325,3.7378816600000007,2.090837419,1.6125811736666666,2.0230314135,2.193004608,2.193004608,1.5268565415,1.0772599976666666,0.8165734560750001,0.051923513425,-0.7229584751,-2.4045165177500003,-4.364730596666667,-8.941991329,-11.42928028,-7.548150777500001,-1.604894504025,-0.4787143617833333,-0.4271471873,-0.484415754675,-0.120340354715,0.08979712427,1.133866884045,2.434907019,3.255909204,3.689317822,4.082867384,3.6684465411666665,3.32295161525,2.0645701889,0.6768381596,-6.251742780100001,-6.637045939500001,-1.746462345,-1.746462345,0.4529563189999999,2.57494783375,2.4367396630000004,1.85214203625,1.91933712375,2.324340582,2.3541202545,1.985819618,1.497229576,1.288161098875,0.3396408055,-0.1606574357,-0.4436914574166666,-2.41306862275,-4.6853328945,-8.084489822,-9.4096086025,-5.672388553333334,-3.845241024825,-0.53633929045,-0.4431823938999999,-0.400421857825,0.1743000845166666,0.717155262725,1.173471212,1.922086,2.89885878525,3.5139996606666664,3.985892773,3.91655957725,3.161836028,2.615112066,1.8698570526666665,-2.90557828575,-6.053059101,-6.053059101,0.4169152379999998,3.1885104976666665,3.1839799287500004,2.57448965325,1.35642522575,1.412472039625,1.8883866073333333,1.90925785925,1.65300005675,1.492953479,1.1551452875,0.3507381901666666,0.077121671325,-0.436462894075,-1.4373648463000002,-2.089157581,-5.602648337666667,-6.789456844249999,-8.24178791,-4.7253446575,-0.382401350775
9,3.32295161525,2.0645701889,0.6768381596,-6.251742780100001,-6.637045939500001,-1.746462345,-1.746462345,0.4529563189999999,2.57494783375,2.4367396630000004,1.85214203625,1.91933712375,2.324340582,2.3541202545,1.985819618,1.497229576,1.288161098875,0.3396408055,-0.1606574357,-0.4436914574166666,-2.41306862275,-4.6853328945,-8.084489822,-9.4096086025,-5.672388553333334,-3.845241024825,-0.53633929045,-0.4431823938999999,-0.400421857825,0.1743000845166666,0.717155262725,1.173471212,1.922086,2.89885878525,3.5139996606666664,3.985892773,3.91655957725,3.161836028,2.615112066,1.8698570526666665,-2.90557828575,-6.053059101,-6.053059101,0.4169152379999998,3.1885104976666665,3.1839799287500004,2.57448965325,1.35642522575,1.412472039625,1.8883866073333333,1.90925785925,1.65300005675,1.492953479,1.1551452875,0.3507381901666666,0.077121671325,-0.436462894075,-1.4373648463000002,-2.089157581,-5.602648337666667,-6.789456844249999,-8.24178791,-4.7253446575,-0.382401350775,-0.6653335367833333,-0.555428784375,0.216398846325,0.8640682396999999,1.19057548,2.0945536095,2.673144341,2.87870031625,3.505447507,3.49536818275,2.908327182166667,1.61940254275,-1.2507456690000005,-5.364919901,-4.688692570000001,0.508748571,3.0176720025,3.27728956925,2.7840162515,1.7015638055,1.4716750186666665,1.68736121025,1.96057048425,1.930027306,1.64154636875,1.0212640911,0.46135561915,0.40989027175,0.38301222025,-0.43600474295,-2.657669057316667,-5.63629662975,-9.95877599775,-8.971159936500001,-4.807658553,-1.3979640665066668,-0.213802678505,-0.5513054802749999,-0.4917461574,0.4369210377,0.9624174635,2.042120934,2.37382054375,3.4529131655,3.7311620115,3.981616656,4.0909614565000005,4.140441418,2.707352698,1.274263978,-6.126362860333333,-5.928442686925,-0.1886045337749999,2.339917481,3.239721358,2.9019132056666668,1.973551452,1.45782882,1.8115195035,1.91735181225,1.4366521736333333,0.9413426518,0.800232879775,0.3176496774
10,-0.6653335367833333,-0.555428784375,0.216398846325,0.8640682396999999,1.19057548,2.0945536095,2.673144341,2.87870031625,3.505447507,3.49536818275,2.908327182166667,1.61940254275,-1.2507456690000005,-5.364919901,-4.688692570000001,0.508748571,3.0176720025,3.27728956925,2.7840162515,1.7015638055,1.4716750186666665,1.68736121025,1.96057048425,1.930027306,1.64154636875,1.0212640911,0.46135561915,0.40989027175,0.38301222025,-0.43600474295,-2.657669057316667,-5.63629662975,-9.95877599775,-8.971159936500001,-4.807658553,-1.3979640665066668,-0.213802678505,-0.5513054802749999,-0.4917461574,0.4369210377,0.9624174635,2.042120934,2.37382054375,3.4529131655,3.7311620115,3.981616656,4.0909614565000005,4.140441418,2.707352698,1.274263978,-6.126362860333333,-5.928442686925,-0.1886045337749999,2.339917481,3.239721358,2.9019132056666668,1.973551452,1.45782882,1.8115195035,1.91735181225,1.4366521736333333,0.9413426518,0.800232879775,0.3176496774,0.1314886417325,-0.199141923325,-1.89352810375,-3.3267694712500004,-7.5783884525,-9.41739726075,-5.879064619666667,-1.302363753,-1.2579233345,-1.0076214669,-0.139277169475,0.28557928025,1.15758872,1.51097398975,2.7406448125,2.9944591525,3.020522714,3.03752517725,3.0810492035,3.176191449,2.90252405425,0.9111048380833332,-2.356105446675,-6.831300735,-4.699518429,0.3801615039999998,2.4514004188333334,2.77302062525,2.428034782,1.886044979,1.6986622515,1.9004003408333328,2.74644804,2.491870135,1.72813642,0.97768907245,-0.6686933338666666,-1.570533395,-1.616348237,-2.121533394,-3.8508917095,-7.484518925833334,-11.12415302025,-4.82980251325,-1.9120067955,-1.85076761225,-1.5666645866666666,-0.574823774375,-0.0565049871999999,0.4153880477,1.278998151425,1.7875939804999998,2.32143884875,2.8075345755,3.1810783145,3.3063056470000003,3.359858155166666,3.17313712825,2.594953537,0.6737838389999999,-1.247385859,-3.612654239116667,0.5558869243,0.5558869243
11,0.1314886417325,-0.199141923325,-1.89352810375,-3.3267694712500004,-7.5783884525,-9.41739726075,-5.879064619666667,-1.302363753,-1.2579233345,-1.0076214669,-0.139277169475,0.28557928025,1.15758872,1.51097398975,2.7406448125,2.9944591525,3.020522714,3.03752517725,3.0810492035,3.176191449,2.90252405425,0.9111048380833332,-2.356105446675,-6.831300735,-4.699518429,0.3801615039999998,2.4514004188333334,2.77302062525,2.428034782,1.886044979,1.6986622515,1.9004003408333328,2.74644804,2.491870135,1.72813642,0.97768907245,-0.6686933338666666,-1.570533395,-1.616348237,-2.121533394,-3.8508917095,-7.484518925833334,-11.12415302025,-4.82980251325,-1.9120067955,-1.85076761225,-1.5666645866666666,-0.574823774375,-0.0565049871999999,0.4153880477,1.278998151425,1.7875939804999998,2.32143884875,2.8075345755,3.1810783145,3.3063056470000003,3.359858155166666,3.17313712825,2.594953537,0.6737838389999999,-1.247385859,-3.612654239116667,0.5558869243,0.5558869243,1.91964253765,2.8486151095,2.571231603333333,1.97019165775,2.106567174,1.964541078,2.2023202477500003,1.9359323576666665,1.045800447,0.41996949875,-1.855807185,-3.12274068575,-3.8502806026666665,-6.976228475499999,-9.4462606905,-7.063124298750001,-2.404363751,-1.4335978525000002,-0.987768352,-0.904079869375,-0.1966984420999999,0.2596175373,1.22773642855,1.94117557975,2.600451469,3.322493553,4.147619009,4.3464045525,4.12303185475,3.65251326525,3.249800682,-1.86497020725,-4.526304404,-7.208051473074999,0.0841466485249999,3.05798912,4.073704481,3.6363761820000007,2.236986876,2.059225202,1.940106511,2.25027304875,2.082437992333334,2.04563340525,1.625053063375,0.514959018695,-1.6259692555275,-3.8017168841666673,-4.24291420025,-4.5413216355,-6.7277593615,-8.034093857,-5.408902247833333,-4.07446807625,-1.6383393107500002,-1.5066980125,-0.633772216825,0.00529416031,0.403628900675,0.7423534243250001,1.116660833,1.7443243857500002,2.275369524833333,2.716515779
12,1.91964253765,2.8486151095,2.571231603333333,1.97019165775,2.106567174,1.964541078,2.2023202477500003,1.9359323576666665,1.045800447,0.41996949875,-1.855807185,-3.12274068575,-3.8502806026666665,-6.976228475499999,-9.4462606905,-7.063124298750001,-2.404363751,-1.4335978525000002,-0.987768352,-0.904079869375,-0.1966984420999999,0.2596175373,1.22773642855,1.94117557975,2.600451469,3.322493553,4.147619009,4.3464045525,4.12303185475,3.65251326525,3.249800682,-1.86497020725,-4.526304404,-7.208051473074999,0.0841466485249999,3.05798912,4.073704481,3.6363761820000007,2.236986876,2.059225202,1.940106511,2.25027304875,2.082437992333334,2.04563340525,1.625053063375,0.514959018695,-1.6259692555275,-3.8017168841666673,-4.24291420025,-4.5413216355,-6.7277593615,-8.034093857,-5.408902247833333,-4.07446807625,-1.6383393107500002,-1.5066980125,-0.633772216825,0.00529416031,0.403628900675,0.7423534243250001,1.116660833,1.7443243857500002,2.275369524833333,2.716515779,2.716515779,2.7589708565,2.801425934,1.7700824939999995,1.01082846555,-0.6481275558,-1.8609995844,-1.3278673143,1.9306381441,3.61891561725,3.7403250935,2.615722954,1.5438079837499998,1.686801255166667,2.7021603585,2.0990840795,1.908952475,1.60703256725,0.5361356834,-0.9700532556,-1.42850725345,-3.284619927,-3.765370607,-6.534216761833332,-8.22239232075,-6.369181573500001,-1.7730349900000002,-1.13254329575,-1.072271268,-0.8532253470000001,-0.141873348475,0.51801332835,0.9199623466,2.2740968985750003,2.613279581,2.896720886,3.084867239,3.28263467525,3.112661440833333,2.8787003757500003,2.359923422,0.54366964095,-0.2742782831,-4.342943251016666,-2.125809431,-0.8141300082499998,3.2458300590000007,3.00056785325,2.5744896726666666,1.11559179425,1.49142637875,2.261726856,2.001651108,1.7736458381666669,1.60229826,1.60229826,0.90805046275,0.2138026655,-2.4678936249166665,-3.82004284825,-6.267472744,-8.444289447,-10.62110615,-3.5834345823333336
13,2.716515779,2.7589708565,2.801425934,1.7700824939999995,1.01082846555,-0.6481275558,-1.8609995844,-1.3278673143,1.9306381441,3.61891561725,3.7403250935,2.615722954,1.5438079837499998,1.686801255166667,2.7021603585,2.0990840795,1.908952475,1.60703256725,0.5361356834,-0.9700532556,-1.42850725345,-3.284619927,-3.765370607,-6.534216761833332,-8.22239232075,-6.369181573500001,-1.7730349900000002,-1.13254329575,-1.072271268,-0.8532253470000001,-0.141873348475,0.51801332835,0.9199623466,2.2740968985750003,2.613279581,2.896720886,3.084867239,3.28263467525,3.112661440833333,2.8787003757500003,2.359923422,0.54366964095,-0.2742782831,-4.342943251016666,-2.125809431,-0.8141300082499998,3.2458300590000007,3.00056785325,2.5744896726666666,1.11559179425,1.49142637875,2.261726856,2.001651108,1.7736458381666669,1.60229826,1.60229826,0.90805046275,0.2138026655,-2.4678936249166665,-3.82004284825,-6.267472744,-8.444289447,-10.62110615,-3.5834345823333336,-1.682321548,-1.7498221095,-1.708894193,-0.8359684646500001,-0.2264272371666666,1.895055205,2.29868406075,2.403141975,2.27669298675,2.2493060031666667,2.3267840145000003,2.55127674325,2.576322198,2.7553055285,1.944484373,0.1947131455,-2.9684973359999995,-1.4697406294999995,3.56958830375,4.214661677833334,3.5327838065,1.85428002475,1.2205078005,1.80861785975,1.963624815333333,2.0157009665,1.7867794635,0.9587522747,0.15134175262,-0.9475530879733332,-2.09801509975,-3.11464673275,-4.021933794,-4.466032505,-7.851546684666666,-6.1352205875,-2.078314706825,-0.7837395072,-1.527009263275,-1.5161664134166666,-0.38224864005,-0.0716238916249999,0.4960221946,1.2826633376499998,1.5337796408333333,1.635437757,1.8597778085,2.09282279,2.38130366825,2.3794202006666665,2.21407943925,1.762344837,-0.5904008150000001,-2.943146467,-0.6310233125833333,1.0045671239750005,4.524064541,3.945881009,2.6626067757500005,2.8149667978333333,2.357938140625,0.65851224215,0.33658649025,0.3023780584
14,-1.682321548,-1.7498221095,-1.708894193,-0.8359684646500001,-0.2264272371666666,1.895055205,2.29868406075,2.403141975,2.27669298675,2.2493060031666667,2.3267840145000003,2.55127674325,2.576322198,2.7553055285,1.944484373,0.1947131455,-2.9684973359999995,-1.4697406294999995,3.56958830375,4.214661677833334,3.5327838065,1.85428002475,1.2205078005,1.80861785975,1.963624815333333,2.0157009665,1.7867794635,0.9587522747,0.15134175262,-0.9475530879733332,-2.09801509975,-3.11464673275,-4.021933794,-4.466032505,-7.851546684666666,-6.1352205875,-2.078314706825,-0.7837395072,-1.527009263275,-1.5161664134166666,-0.38224864005,-0.0716238916249999,0.4960221946,1.2826633376499998,1.5337796408333333,1.635437757,1.8597778085,2.09282279,2.38130366825,2.3794202006666665,2.21407943925,1.762344837,-0.5904008150000001,-2.943146467,-0.6310233125833333,1.0045671239750005,4.524064541,3.945881009,2.6626067757500005,2.8149667978333333,2.357938140625,0.65851224215,0.33658649025,0.3023780584,-0.4133518338,-1.226005554,-1.226005554,-2.1688753365,-3.623497188,-4.429991404166667,-7.56113135825,-6.3496338725,-3.150840521000001,-1.22844906155,-0.6105593641499999,-0.62796901165,-0.6047561392,-0.01221729815,0.3952295184,1.3082687160666666,1.73561957475,2.098931313,2.505461812,3.02057367575,3.197775364,2.8954990805,1.807548851,0.6325504632,-0.2528980076,-0.5853102652666667,2.2139266727499995,4.34859359275,4.731147766,3.1299183370000003,2.071849724,1.886350483,1.547473252,0.97860538985,0.7006618977,0.6830486258166667,0.4547888068275,0.03420842811,-0.3252854887449999,-2.10183298565,-5.020188529833333,-7.22149074,-11.90392208,-7.3749704365,-4.207636833,-0.79015363254,-0.194865867525,-0.3744601011,0.03481929005,1.0438151585500002,1.7639738318333336,2.115119308,2.959945381,3.5109453205,3.751320601,4.026718696,3.37243163575,2.446513414,-0.988073707,-6.964469433,-7.811738968,-5.00909131775,3.6439611315,4.379289627
15,-0.4133518338,-1.226005554,-1.226005554,-2.1688753365,-3.623497188,-4.429991404166667,-7.56113135825,-6.3496338725,-3.150840521000001,-1.22844906155,-0.6105593641499999,-0.62796901165,-0.6047561392,-0.01221729815,0.3952295184,1.3082687160666666,1.73561957475,2.098931313,2.505461812,3.02057367575,3.197775364,2.8954990805,1.807548851,0.6325504632,-0.2528980076,-0.5853102652666667,2.2139266727499995,4.34859359275,4.731147766,3.1299183370000003,2.071849724,1.886350483,1.547473252,0.97860538985,0.7006618977,0.6830486258166667,0.4547888068275,0.03420842811,-0.3252854887449999,-2.10183298565,-5.020188529833333,-7.22149074,-11.90392208,-7.3749704365,-4.207636833,-0.79015363254,-0.194865867525,-0.3744601011,0.03481929005,1.0438151585500002,1.7639738318333336,2.115119308,2.959945381,3.5109453205,3.751320601,4.026718696,3.37243163575,2.446513414,-0.988073707,-6.964469433,-7.811738968,-5.00909131775,3.6439611315,4.379289627,3.058905363,1.7415755194999998,1.428812742,1.6085596680000005,1.9730931525,1.75257104625,1.3909390966666668,0.7900008971000001,0.1288924664,-1.3836086763,-3.78216916325,-5.721766869666666,-6.85313928175,-8.696423531,-4.756498694499999,-2.509432554,-1.1952587564333337,-0.865137234325,-0.55405434965,-0.2131918073,0.674700155875,1.8857395449333327,2.830136538,2.98224186925,3.438557863,3.7441430095,3.7650651141666662,3.36036706,2.610377848375,0.3604102135,-6.093987107375,-4.352615247216667,1.294575169775,3.23880505575,3.856389284,3.992001295,2.415562967666667,1.49142637825,2.2869250175,2.4715589285,1.6331470009999998,1.10933045555,0.683252245225,0.328492540875,-0.1447749585,-1.7217223158749997,-3.2641559045000004,-5.79283058675,-9.12295985225,-8.5624916555,-3.155727386,-0.7872010568333333,-0.61544625465,-0.62048591675,-0.0644462257499999,0.1685986817,1.03500859445,1.578169167,2.687804937,3.0161447525,3.344484568,3.573049903,3.546375513,3.16275244925
16,3.058905363,1.7415755194999998,1.428812742,1.6085596680000005,1.9730931525,1.75257104625,1.3909390966666668,0.7900008971000001,0.1288924664,-1.3836086763,-3.78216916325,-5.721766869666666,-6.85313928175,-8.696423531,-4.756498694499999,-2.509432554,-1.1952587564333337,-0.865137234325,-0.55405434965,-0.2131918073,0.674700155875,1.8857395449333327,2.830136538,2.98224186925,3.438557863,3.7441430095,3.7650651141666662,3.36036706,2.610377848375,0.3604102135,-6.093987107375,-4.352615247216667,1.294575169775,3.23880505575,3.856389284,3.992001295,2.415562967666667,1.49142637825,2.2869250175,2.4715589285,1.6331470009999998,1.10933045555,0.683252245225,0.328492540875,-0.1447749585,-1.7217223158749997,-3.2641559045000004,-5.79283058675,-9.12295985225,-8.5624916555,-3.155727386,-0.7872010568333333,-0.61544625465,-0.62048591675,-0.0644462257499999,0.1685986817,1.03500859445,1.578169167,2.687804937,3.0161447525,3.344484568,3.573049903,3.546375513,3.16275244925,1.98195076,1.300531149,-5.7227848765000005,-6.45745182,-4.35821494425,2.8423538805000006,4.059043764749999,3.826558788333333,1.7414228024,0.6966912747,1.159421325,1.7325652245,1.563712021,1.17927448455,0.7057015374,0.0552832632999999,-0.3371973634,-0.9605848689666666,-2.07541307775,-3.670686483,-8.0869334915,-11.271219017500002,-5.527206501166667,-0.9222531337775,-0.0882699620075,-0.30604325235,-0.451429069,-0.2309068838333333,1.037248388,1.6972877385,2.187506676,2.7491968275,3.0084071159999994,3.368308306,3.365101278,3.138928652,2.09954226025,0.4961240291,-2.47461319,-2.079536408425,-0.0458148717999999,2.372293323275,3.0595161915,3.72505342975,2.829220295,1.5326597689999997,1.532659769,2.3897029755,1.976147532,1.8580979105,1.3939933775,0.591775231025,0.3610210717,-0.473420239975,-2.976744175,-4.8777554035,-9.8808908455,-9.096795000666669,-2.728427529625,-0.8967494965,-0.95936316275,-0.718682423325,-0.6175842881,-0.6175842881
17,1.98195076,1.300531149,-5.7227848765000005,-6.45745182,-4.35821494425,2.8423538805000006,4.059043764749999,3.826558788333333,1.7414228024,0.6966912747,1.159421325,1.7325652245,1.563712021,1.17927448455,0.7057015374,0.0552832632999999,-0.3371973634,-0.9605848689666666,-2.07541307775,-3.670686483,-8.0869334915,-11.271219017500002,-5.527206501166667,-0.9222531337775,-0.0882699620075,-0.30604325235,-0.451429069,-0.2309068838333333,1.037248388,1.6972877385,2.187506676,2.7491968275,3.0084071159999994,3.368308306,3.365101278,3.138928652,2.09954226025,0.4961240291,-2.47461319,-2.079536408425,-0.0458148717999999,2.372293323275,3.0595161915,3.72505342975,2.829220295,1.5326597689999997,1.532659769,2.3897029755,1.976147532,1.8580979105,1.3939933775,0.591775231025,0.3610210717,-0.473420239975,-2.976744175,-4.8777554035,-9.8808908455,-9.096795000666669,-2.728427529625,-0.8967494965,-0.95936316275,-0.718682423325,-0.6175842881,-0.6175842881,-0.211664631825,1.006094337,1.63421601075,2.285957793333333,2.56746459,2.65344381325,2.78462708,2.657872677,1.5076142947666664,0.653319858,-0.3426951468,-2.2452334909,-1.5807653069,2.6867868506333337,4.228711367,3.743684769,2.381456375,1.536935806,2.101171215666667,2.376416743,2.025169432,1.6337578295,1.35459265125,0.8023709108833333,-0.497854776625,-1.5063925085,-2.8640394805,-5.094917595,-8.026457706833334,-9.8040745245,-8.531337738,-4.974272012499999,-1.24631684975,-0.8397354383833333,-0.573805641,-0.2193004538999999,0.1185077652,0.8964440283,1.5306235355,2.4605633615,3.09693175575,3.357923627,3.129154861,2.544149955166666,1.96729007375,1.3843723089750002,-0.7290671170499999,-5.497477412249999,-4.122013638233333,1.30114196245,2.824027777,3.5262168645000003,3.90082973225,2.247676988166667,1.938884854,2.08778312775,2.534477949,2.2440117,2.105141838666667,1.709199667,1.032514199625,-1.29106274225,-2.6781839132500003,-3.042717457
18,-0.211664631825,1.006094337,1.63421601075,2.285957793333333,2.56746459,2.65344381325,2.78462708,2.657872677,1.5076142947666664,0.653319858,-0.3426951468,-2.2452334909,-1.5807653069,2.6867868506333337,4.228711367,3.743684769,2.381456375,1.536935806,2.101171215666667,2.376416743,2.025169432,1.6337578295,1.35459265125,0.8023709108833333,-0.497854776625,-1.5063925085,-2.8640394805,-5.094917595,-8.026457706833334,-9.8040745245,-8.531337738,-4.974272012499999,-1.24631684975,-0.8397354383833333,-0.573805641,-0.2193004538999999,0.1185077652,0.8964440283,1.5306235355,2.4605633615,3.09693175575,3.357923627,3.129154861,2.544149955166666,1.96729007375,1.3843723089750002,-0.7290671170499999,-5.497477412249999,-4.122013638233333,1.30114196245,2.824027777,3.5262168645000003,3.90082973225,2.247676988166667,1.938884854,2.08778312775,2.534477949,2.2440117,2.105141838666667,1.709199667,1.032514199625,-1.29106274225,-2.6781839132500003,-3.042717457,-4.5277296305,-9.34836888325,-8.0618879805,-4.29453200075,-1.5643228890000005,-0.8245147533850001,0.060628327545,0.1960875839,0.250454545,0.8160135150333333,1.5112794637499998,2.297462463,2.8499896525,3.4799439905,3.4955719708333333,3.2859944105,2.53600507975,1.5977168080000002,-1.054047227,-2.6266167958333333,-5.388438269225,0.2828304023250001,2.820973635,3.67404627825,3.066846579,2.939481258,2.680627316,2.3564109205,2.6639812590000003,2.615722895,2.4104723635000003,1.794720769,1.20248734955,-0.171347565975,-1.5344923488333333,-2.4882049265,-5.2500771285,-8.6950492835,-10.45311832,-5.3740828625,-1.35108014975,-1.348789454,-1.05068743255,-0.4350884407499999,-0.0739146371333333,0.466547973475,1.0320560335,1.7678426499999995,2.89213928575,3.4335690336666667,3.58379089825,3.521024704,3.148091674,2.03524875625,1.7886121269999995,-0.5703949335000003,-6.6278828385,-1.0913099649999998,1.386663079,3.765981455666666,4.339990615666666,4.389063358,3.2546875475,2.5633413195
19,-4.5277296305,-9.34836888325,-8.0618879805,-4.29453200075,-1.5643228890000005,-0.8245147533850001,0.060628327545,0.1960875839,0.250454545,0.8160135150333333,1.5112794637499998,2.297462463,2.8499896525,3.4799439905,3.4955719708333333,3.2859944105,2.53600507975,1.5977168080000002,-1.054047227,-2.6266167958333333,-5.388438269225,0.2828304023250001,2.820973635,3.67404627825,3.066846579,2.939481258,2.680627316,2.3564109205,2.6639812590000003,2.615722895,2.4104723635000003,1.794720769,1.20248734955,-0.171347565975,-1.5344923488333333,-2.4882049265,-5.2500771285,-8.6950492835,-10.45311832,-5.3740828625,-1.35108014975,-1.348789454,-1.05068743255,-0.4350884407499999,-0.0739146371333333,0.466547973475,1.0320560335,1.7678426499999995,2.89213928575,3.4335690336666667,3.58379089825,3.521024704,3.148091674,2.03524875625,1.7886121269999995,-0.5703949335000003,-6.6278828385,-1.0913099649999998,1.386663079,3.765981455666666,4.339990615666666,4.389063358,3.2546875475,2.5633413195,2.5175772908333336,2.3927572965,2.193004608,1.925751269,1.42026063775,0.6953677534166666,-0.104152411225,-2.48667770625,-4.81147635,-6.022515774,-9.528676271166669,-8.150463581,-5.162418365,-5.162418365,-2.55142951025,-1.11085757605,-0.41004299375,0.439364485475,0.8338304162,2.10061122455,2.619082689,3.100138664,3.1528257725,3.310887098,3.01675570025,1.9355250249,0.3329212964,-1.59374622245,-4.8847801685,1.789375603,4.705084284333334,4.84782296425,3.973675489,2.818530142,1.663384795,2.2636612453333336,1.962097645,1.612377584,1.226311028,1.059239507,-0.05609775575,-0.624456509975,-1.660330415,-2.844797194,-5.0674287082500005,-7.476170301666666,-7.41040051,-4.91333803525,-1.726914763,-1.726914763,-0.7845539847166666,-0.445931274425,-0.2095266134,0.10598503795,0.81779521705,0.9498947263,1.352454587725,2.7247622605000004,3.3680030105000003,3.517359495,2.8637340465,1.7557780292,0.5925388215424999,-0.8619301861149999
20,2.5175772908333336,2.3927572965,2.193004608,1.925751269,1.42026063775,0.6953677534166666,-0.104152411225,-2.48667770625,-4.81147635,-6.022515774,-9.528676271166669,-8.150463581,-5.162418365,-5.162418365,-2.55142951025,-1.11085757605,-0.41004299375,0.439364485475,0.8338304162,2.10061122455,2.619082689,3.100138664,3.1528257725,3.310887098,3.01675570025,1.9355250249,0.3329212964,-1.59374622245,-4.8847801685,1.789375603,4.705084284333334,4.84782296425,3.973675489,2.818530142,1.663384795,2.2636612453333336,1.962097645,1.612377584,1.226311028,1.059239507,-0.05609775575,-0.624456509975,-1.660330415,-2.844797194,-5.0674287082500005,-7.476170301666666,-7.41040051,-4.91333803525,-1.726914763,-1.726914763,-0.7845539847166666,-0.445931274425,-0.2095266134,0.10598503795,0.81779521705,0.9498947263,1.352454587725,2.7247622605000004,3.3680030105000003,3.517359495,2.8637340465,1.7557780292,0.5925388215424999,-0.8619301861149999,-5.28566005825,-5.378562402486666,0.8248201973099999,3.260796309,3.803244233500001,3.92831879825,1.9688172341666668,1.80754888075,2.43322706225,2.1368050575,1.5503748355,0.8961386183500001,0.251981720325,-0.3885099888,-0.3885099887999999,-2.25088393695,-3.845597307,-4.966941357,-5.964941621,-7.608320713,-3.1926847695,-1.9861249525,-1.1105521325,-1.25715971,-0.615751694925,0.1429423633625,0.7053451836000001,1.153465434825,2.27913659775,2.9043565985,3.243691921,3.756411115,3.38938319675,2.807534456,1.904370904,-1.136055738,-6.429453433,-5.9046188,-0.51831877225,3.2766786815,3.882045746,3.4798930085,2.99522271725,1.782503486,2.2901321055,2.78859776275,2.1034110986666668,1.81717002425,1.191339016125,0.1163697540499999,-1.24310986685,-1.958737870166667,-2.700022221,-2.700022221,-4.7919287685,-9.2611683615,-8.710830093166665,-1.8971933125,-1.62245681925,-1.6957606079999998,-1.28296872975,-0.6665552929166667,0.2394589931,0.551763620325
21,-5.28566005825,-5.378562402486666,0.8248201973099999,3.260796309,3.803244233500001,3.92831879825,1.9688172341666668,1.80754888075,2.43322706225,2.1368050575,1.5503748355,0.8961386183500001,0.251981720325,-0.3885099888,-0.3885099887999999,-2.25088393695,-3.845597307,-4.966941357,-5.964941621,-7.608320713,-3.1926847695,-1.9861249525,-1.1105521325,-1.25715971,-0.615751694925,0.1429423633625,0.7053451836000001,1.153465434825,2.27913659775,2.9043565985,3.243691921,3.756411115,3.38938319675,2.807534456,1.904370904,-1.136055738,-6.429453433,-5.9046188,-0.51831877225,3.2766786815,3.882045746,3.4798930085,2.99522271725,1.782503486,2.2901321055,2.78859776275,2.1034110986666668,1.81717002425,1.191339016125,0.1163697540499999,-1.24310986685,-1.958737870166667,-2.700022221,-2.700022221,-4.7919287685,-9.2611683615,-8.710830093166665,-1.8971933125,-1.62245681925,-1.6957606079999998,-1.28296872975,-0.6665552929166667,0.2394589931,0.551763620325,1.8451170925,2.514930248,2.693710008833333,3.180162072,3.597688019,3.816683054,3.598604441,2.1939209202333334,-0.1411097646,-1.87092612695,-5.582082509999999,-0.96913702963,0.5304342321333334,2.9087852832500003,3.223533392,2.835023403,2.0639593300000003,2.1614431736666666,2.41215229025,2.9852962495,2.830747366,2.808145285,1.8079561191666669,0.8807142970499999,-0.2541197538,-0.2541197538,-3.43962678345,-6.269915978333334,-7.721483469,-9.65777230225,-3.766592324,-1.947436929,-1.9510003131666669,-1.75929060575,-1.035415769,-0.4401280584,0.764039114075,1.7509420716166666,2.2033892575,3.24735718975,3.9122835399999993,4.10623312,4.3357144995,4.344470501,3.7633853555,1.33871021865,-4.216188908,-6.735802253166665,-3.052033155925,-0.126907140025,2.393368244,3.4393213985,3.200015207333333,1.968206286,1.88253250675,1.8536691665,2.196822405,2.1385357181666667,1.5998548565,1.264642819425,0.7593049407,-0.1551596448,-1.8358522605500005,-3.68168211
22,1.8451170925,2.514930248,2.693710008833333,3.180162072,3.597688019,3.816683054,3.598604441,2.1939209202333334,-0.1411097646,-1.87092612695,-5.582082509999999,-0.96913702963,0.5304342321333334,2.9087852832500003,3.223533392,2.835023403,2.0639593300000003,2.1614431736666666,2.41215229025,2.9852962495,2.830747366,2.808145285,1.8079561191666669,0.8807142970499999,-0.2541197538,-0.2541197538,-3.43962678345,-6.269915978333334,-7.721483469,-9.65777230225,-3.766592324,-1.947436929,-1.9510003131666669,-1.75929060575,-1.035415769,-0.4401280584,0.764039114075,1.7509420716166666,2.2033892575,3.24735718975,3.9122835399999993,4.10623312,4.3357144995,4.344470501,3.7633853555,1.33871021865,-4.216188908,-6.735802253166665,-3.052033155925,-0.126907140025,2.393368244,3.4393213985,3.200015207333333,1.968206286,1.88253250675,1.8536691665,2.196822405,2.1385357181666667,1.5998548565,1.264642819425,0.7593049407,-0.1551596448,-1.8358522605500005,-3.68168211,-4.36585068725,-7.569225550000001,-8.03149724025,-3.6294530431666665,-1.837023139,-1.892459035,-1.6609413030000002,-1.186146677,-0.197411133675,0.3694204742925001,1.6271910665,2.206138134,2.5995349885000003,2.7183481853333333,2.85212767125,3.039052248,2.896720767,2.47216975725,1.8941898648166664,-0.5253437161,-1.795789703575,-3.509112656000001,2.02868190375,3.5287621415,5.11797761875,4.2126761075,3.100749731,2.127183944,1.7203988831666666,1.782656163,1.4775291680000002,0.9162971974,0.7825177908,0.4607956607999999,0.06597338615,-0.9254601598,-1.8677190839,-4.0817985532500005,-7.605877637500001,-8.750638246,-8.968716859,-2.9352052508000006,-0.9700532556,-0.7771218120999999,-0.6985238790499999,-0.578488946,0.1585194170499999,1.643684432275,2.4061964355,2.64687716975,3.061043501,3.3282967805,3.59555006,3.516952157166666,2.778671145,1.493564367,-1.5155555009999997,-5.991667032,-2.1216351188333333,-0.2631299492500001,2.696968079,2.696968079,3.2948519585,2.154316425
23,-4.36585068725,-7.569225550000001,-8.03149724025,-3.6294530431666665,-1.837023139,-1.892459035,-1.6609413030000002,-1.186146677,-0.197411133675,0.3694204742925001,1.6271910665,2.206138134,2.5995349885000003,2.7183481853333333,2.85212767125,3.039052248,2.896720767,2.47216975725,1.8941898648166664,-0.5253437161,-1.795789703575,-3.509112656000001,2.02868190375,3.5287621415,5.11797761875,4.2126761075,3.100749731,2.127183944,1.7203988831666666,1.782656163,1.4775291680000002,0.9162971974,0.7825177908,0.4607956607999999,0.06597338615,-0.9254601598,-1.8677190839,-4.0817985532500005,-7.605877637500001,-8.750638246,-8.968716859,-2.9352052508000006,-0.9700532556,-0.7771218120999999,-0.6985238790499999,-0.578488946,0.1585194170499999,1.643684432275,2.4061964355,2.64687716975,3.061043501,3.3282967805,3.59555006,3.516952157166666,2.778671145,1.493564367,-1.5155555009999997,-5.991667032,-2.1216351188333333,-0.2631299492500001,2.696968079,2.696968079,3.2948519585,2.154316425,1.886350393,1.9507966635,2.1316126585,2.005469054,1.8416554928333333,1.0079268444,0.2596175297999999,-0.1490510106,-0.716697096825,-3.0724462764833333,-4.682889342,-8.54798316925,-8.742085695,-7.935133457,-2.48000915875,-1.620420615,-1.573587656,-0.9074396193,-0.0380772352266666,1.055116191375,1.7786855395,2.2670719025,2.57876575,2.908734480833333,2.9642213585,2.982241869,2.9637631775,2.7217079405,1.33977918335,-3.3590436282,-5.47121036025,-2.06686100375,2.3063200115,3.698786199,3.602982242833333,2.42039906975,1.50440728625,2.115424752,2.58579057475,2.0505712625,1.74417167875,1.0164790007,0.0980437993999999,-1.023809329,-1.8658864501666663,-3.169624746,-4.49871385125,-6.23570776,-8.67137849375,-5.930682500333333,-2.38191443725,-1.952323884,-1.4037672280000002,-1.22722733,-0.4462367146666666,0.5852084531999999,1.30358541,1.919642508,2.535699606,3.1898339985000006,3.4484844802500003,3.590052366,3.590052366,2.6334380505
24,1.886350393,1.9507966635,2.1316126585,2.005469054,1.8416554928333333,1.0079268444,0.2596175297999999,-0.1490510106,-0.716697096825,-3.0724462764833333,-4.682889342,-8.54798316925,-8.742085695,-7.935133457,-2.48000915875,-1.620420615,-1.573587656,-0.9074396193,-0.0380772352266666,1.055116191375,1.7786855395,2.2670719025,2.57876575,2.908734480833333,2.9642213585,2.982241869,2.9637631775,2.7217079405,1.33977918335,-3.3590436282,-5.47121036025,-2.06686100375,2.3063200115,3.698786199,3.602982242833333,2.42039906975,1.50440728625,2.115424752,2.58579057475,2.0505712625,1.74417167875,1.0164790007,0.0980437993999999,-1.023809329,-1.8658864501666663,-3.169624746,-4.49871385125,-6.23570776,-8.67137849375,-5.930682500333333,-2.38191443725,-1.952323884,-1.4037672280000002,-1.22722733,-0.4462367146666666,0.5852084531999999,1.30358541,1.919642508,2.535699606,3.1898339985000006,3.4484844802500003,3.590052366,3.590052366,2.6334380505,0.7914771288333333,-1.4674499706,-6.81602942975,-2.654207568845,-0.03543015569,3.434587286218333,4.129140555999999,3.862498045,2.898247957,2.44254273175,2.5854851803333334,2.127641916,1.98424142575,1.23455768815,0.3657552823,-0.8328123241166666,-1.72218054525,-2.602283955,-2.602283955,-6.160266042,-9.626312570166666,-8.0736469595,-1.98531043575,-1.671325982,-1.544266105,-1.3823869528833337,-0.5729911923,-0.1217148154749999,1.420260668,2.23469603075,3.0470952985,3.48391455425,3.6560257675,3.80813098,3.80813098,1.7023273844825,-0.06108647957,-0.06108647957,-2.633132608785,-1.906050831175,-0.0906116365833333,3.532325566,3.68000221225,3.724442482,3.724442482,2.4202461636666666,2.08503413175,1.861915827,1.7904446720000002,1.420667867,1.361006737,1.361006737,0.411722839,-2.436128855,-2.436128855,-5.263719916333334,-8.323032379,-6.943088889,-2.12122792,-1.439197421,-1.1758129098833334,-0.883005037875,-0.4683805625025,0.03054323979
25,0.7914771288333333,-1.4674499706,-6.81602942975,-2.654207568845,-0.03543015569,3.434587286218333,4.129140555999999,3.862498045,2.898247957,2.44254273175,2.5854851803333334,2.127641916,1.98424142575,1.23455768815,0.3657552823,-0.8328123241166666,-1.72218054525,-2.602283955,-2.602283955,-6.160266042,-9.626312570166666,-8.0736469595,-1.98531043575,-1.671325982,-1.544266105,-1.3823869528833337,-0.5729911923,-0.1217148154749999,1.420260668,2.23469603075,3.0470952985,3.48391455425,3.6560257675,3.80813098,3.80813098,1.7023273844825,-0.06108647957,-0.06108647957,-2.633132608785,-1.906050831175,-0.0906116365833333,3.532325566,3.68000221225,3.724442482,3.724442482,2.4202461636666666,2.08503413175,1.861915827,1.7904446720000002,1.420667867,1.361006737,1.361006737,0.411722839,-2.436128855,-2.436128855,-5.263719916333334,-8.323032379,-6.943088889,-2.12122792,-1.439197421,-1.1758129098833334,-0.883005037875,-0.4683805625025,0.03054323979,1.0132719651975,1.5819361603333333,2.787375927,2.90496742725,3.30928355425,3.34020853,3.0105451938333334,0.9353867324,-0.3451386094,-0.3451386094,-3.6616760641,-1.4375683864,1.201723709675,4.04850626,3.3035568000000004,2.788597822,1.5889611643333332,1.99981862325,2.813032389,2.3973388675,1.9747730795,1.9582288665,1.45950868649,-0.2396117029799999,-0.8741474748,-0.8741474748,-4.235838264466667,-6.679195404,-7.320908784749999,-7.931773424,-3.3747224215,-1.13569942125,-0.7573195993999999,-0.3170388341,0.0015271604,0.3200931549,1.26998784165,1.459966779,1.459966779,2.6972734335,4.11829763625,4.179536819,4.179536819,3.2717917558,0.5485565662,-3.6572474837,-5.991565426166667,-3.47948575,-1.67086786025,3.846920967,3.38037300125,3.19421196,2.889084995,1.9737041,2.4394885305000003,2.905272961,2.236477792333333,1.49432799175,1.035721227175,0.5662716627000001,-0.481819570075,-1.8786128261666668,-2.92008638375,-4.191754103
26,1.0132719651975,1.5819361603333333,2.787375927,2.90496742725,3.30928355425,3.34020853,3.0105451938333334,0.9353867324,-0.3451386094,-0.3451386094,-3.6616760641,-1.4375683864,1.201723709675,4.04850626,3.3035568000000004,2.788597822,1.5889611643333332,1.99981862325,2.813032389,2.3973388675,1.9747730795,1.9582288665,1.45950868649,-0.2396117029799999,-0.8741474748,-0.8741474748,-4.235838264466667,-6.679195404,-7.320908784749999,-7.931773424,-3.3747224215,-1.13569942125,-0.7573195993999999,-0.3170388341,0.0015271604,0.3200931549,1.26998784165,1.459966779,1.459966779,2.6972734335,4.11829763625,4.179536819,4.179536819,3.2717917558,0.5485565662,-3.6572474837,-5.991565426166667,-3.47948575,-1.67086786025,3.846920967,3.38037300125,3.19421196,2.889084995,1.9737041,2.4394885305000003,2.905272961,2.236477792333333,1.49432799175,1.035721227175,0.5662716627000001,-0.481819570075,-1.8786128261666668,-2.92008638375,-4.191754103,-5.141037941,-7.835409879499999,-7.411520679666666,-2.726900339,-2.29272820045,-0.94714581965,-0.7817541807749999,-0.3499237123548333,0.009773836471,0.33872451335325,1.325576544,1.93033278,2.438470403333333,2.80050951225,3.056156397,2.8683155775,2.680474758,2.6804747580000003,2.680474758,2.680474758,0.9764674006999998,0.86131934785,3.013294200166667,3.38648164275,3.30477839675,2.621220827,2.621220827,2.6473861931666667,2.778213024,2.778213024,2.4785838125,1.868329942,1.1812088885,-1.9318599105,-2.82922023525,-4.2555894855,-4.74641943,-6.784264166833334,-8.0609716175,-4.619359493,-2.983158171,-0.903469011175,-1.1511747144833333,-1.028390892125,-0.4227184355,0.4132500142499999,1.249218464,2.1183772085,2.68261259775,2.919933558,3.0051492455,3.1398448945,3.0148212908333334,2.774853289,1.81258860235,-0.3344484567999999,-3.10044422775,-4.12313371375,0.3145953715,1.125823788375,3.576918721,2.93505251375,2.450484017333333,1.50944688925
27,-5.141037941,-7.835409879499999,-7.411520679666666,-2.726900339,-2.29272820045,-0.94714581965,-0.7817541807749999,-0.3499237123548333,0.009773836471,0.33872451335325,1.325576544,1.93033278,2.438470403333333,2.80050951225,3.056156397,2.8683155775,2.680474758,2.6804747580000003,2.680474758,2.680474758,0.9764674006999998,0.86131934785,3.013294200166667,3.38648164275,3.30477839675,2.621220827,2.621220827,2.6473861931666667,2.778213024,2.778213024,2.4785838125,1.868329942,1.1812088885,-1.9318599105,-2.82922023525,-4.2555894855,-4.74641943,-6.784264166833334,-8.0609716175,-4.619359493,-2.983158171,-0.903469011175,-1.1511747144833333,-1.028390892125,-0.4227184355,0.4132500142499999,1.249218464,2.1183772085,2.68261259775,2.919933558,3.0051492455,3.1398448945,3.0148212908333334,2.774853289,1.81258860235,-0.3344484567999999,-3.10044422775,-4.12313371375,0.3145953715,1.125823788375,3.576918721,2.93505251375,2.450484017333333,1.50944688925,2.51905363775,2.100764036,1.7580688295,1.7008511223333336,1.27853994663,-0.27656903536,-1.038470149,-2.77668580375,-3.509723504,-4.653873205249999,-6.5043355225,-8.671836853,-4.180605888250001,-1.4915281136666667,-1.241888046,-1.155908837725,-0.8979712129,-0.253814312635,0.1570940682666667,1.138041139,1.5719078485,2.8735079770000005,3.4952155952500004,3.788074374666667,4.16258549725,3.7727009655,1.96881720405,0.8521563411,-5.080867896483333,-5.4585350155,-3.03172183,0.0064140560000001,3.7221517565,3.5428121488333333,3.08853238825,1.821446091,1.8341215255,2.288910389,2.2660028736666664,1.79242998325,1.411708474,0.83749559515,-0.49586947265,-1.4397064445500003,-1.9685117005,-3.140455723,-4.7430596355,-6.345663548,-7.0396056573333325,-2.675282388575,-0.9663881063,-1.01037037365,-1.11391189675,-0.5666788915833333,-0.4532616735,-1.4875000009517692e-08,1.359784961,2.15054944175,2.9096508030000003,3.344484568,3.38235819375,3.2818709615,2.8309000135,2.0158537426666667
28,2.51905363775,2.100764036,1.7580688295,1.7008511223333336,1.27853994663,-0.27656903536,-1.038470149,-2.77668580375,-3.509723504,-4.653873205249999,-6.5043355225,-8.671836853,-4.180605888250001,-1.4915281136666667,-1.241888046,-1.155908837725,-0.8979712129,-0.253814312635,0.1570940682666667,1.138041139,1.5719078485,2.8735079770000005,3.4952155952500004,3.788074374666667,4.16258549725,3.7727009655,1.96881720405,0.8521563411,-5.080867896483333,-5.4585350155,-3.03172183,0.0064140560000001,3.7221517565,3.5428121488333333,3.08853238825,1.821446091,1.8341215255,2.288910389,2.2660028736666664,1.79242998325,1.411708474,0.83749559515,-0.49586947265,-1.4397064445500003,-1.9685117005,-3.140455723,-4.7430596355,-6.345663548,-7.0396056573333325,-2.675282388575,-0.9663881063,-1.01037037365,-1.11391189675,-0.5666788915833333,-0.4532616735,-1.4875000009517692e-08,1.359784961,2.15054944175,2.9096508030000003,3.344484568,3.38235819375,3.2818709615,2.8309000135,2.0158537426666667,0.38117966075,-2.431852579,-3.072038889,-1.88054716625,1.3636538189999998,2.83685600775,2.91199243075,2.725067854,1.58702668525,1.278336326,1.78907021875,2.16750097275,1.885739565,1.458745122,0.6953677634166665,0.5711585879,0.1941023021749999,-1.3414590359999998,-1.745851517,-4.292241255166666,-5.933329582,-6.21570181825,-5.850251913,-2.25989422175,-1.3491966721166666,-0.816268056625,-0.92332211135,-0.34636033887,0.738688238915,1.4763583439,2.311308702,2.619998932,2.967886448,3.25392395225,3.397731701666667,3.0071344975,2.21407929075,0.0494800209,-2.2896739248,-3.543932040833333,-2.49110659975,1.155756116,2.291353762,3.343568325,3.315773964,3.315773964,3.101055026,2.456898212,2.456898212,1.6242894829666668,0.9334014058,0.9334014058,0.2690859437,-0.3952295184,-2.1480041644,-3.22689318675,-4.068970203,-5.79160881,-8.34487068675,-5.490859866000001,-1.93476146475,-1.1893537045,-1.2382228975,-0.666758924875
29,0.38117966075,-2.431852579,-3.072038889,-1.88054716625,1.3636538189999998,2.83685600775,2.91199243075,2.725067854,1.58702668525,1.278336326,1.78907021875,2.16750097275,1.885739565,1.458745122,0.6953677634166665,0.5711585879,0.1941023021749999,-1.3414590359999998,-1.745851517,-4.292241255166666,-5.933329582,-6.21570181825,-5.850251913,-2.25989422175,-1.3491966721166666,-0.816268056625,-0.92332211135,-0.34636033887,0.738688238915,1.4763583439,2.311308702,2.619998932,2.967886448,3.25392395225,3.397731701666667,3.0071344975,2.21407929075,0.0494800209,-2.2896739248,-3.543932040833333,-2.49110659975,1.155756116,2.291353762,3.343568325,3.315773964,3.315773964,3.101055026,2.456898212,2.456898212,1.6242894829666668,0.9334014058,0.9334014058,0.2690859437,-0.3952295184,-2.1480041644,-3.22689318675,-4.068970203,-5.79160881,-8.34487068675,-5.490859866000001,-1.93476146475,-1.1893537045,-1.2382228975,-0.666758924875,-0.0673987517833333,0.385913819075,0.4945968389555555,0.7119628787166667,1.945451617475,2.806618214,3.02973657875,3.383580029,3.1349580285,2.1972806455,0.2549342413833333,-1.663079380925,-3.998109996,-3.6719081400000007,1.0667226315,2.705621918,3.002400398,2.88083833425,2.155130982,1.7652464805,1.7556253669999995,1.74905857425,1.729358196,1.3558143674,0.65057100355,-0.0082466677,-0.4022544512,-1.255327106,-2.3533565405,-3.451385975,-6.6366387205,-9.962746498,-7.575334072,-4.430602193,-1.21623176325,-1.2418880663333332,-1.16033762715,-0.6352993883,0.1178968996,2.06273761015,3.151858648,3.709171057,3.7960665825,4.057363987,4.057974815,3.58557264,2.4384194761250004,-1.785252287875,-3.9794785975,-2.976744175,1.286175847,2.628245771,2.673144341,2.339001298,1.1811070739249998,1.0081305105833334,1.516166329,1.6383393105,2.004858255,1.58473598925,0.6481275458333333,-0.6298015714,-1.11940972505,-3.181078434
30,-0.0673987517833333,0.385913819075,0.4945968389555555,0.7119628787166667,1.945451617475,2.806618214,3.02973657875,3.383580029,3.1349580285,2.1972806455,0.2549342413833333,-1.663079380925,-3.998109996,-3.6719081400000007,1.0667226315,2.705621918,3.002400398,2.88083833425,2.155130982,1.7652464805,1.7556253669999995,1.74905857425,1.729358196,1.3558143674,0.65057100355,-0.0082466677,-0.4022544512,-1.255327106,-2.3533565405,-3.451385975,-6.6366387205,-9.962746498,-7.575334072,-4.430602193,-1.21623176325,-1.2418880663333332,-1.16033762715,-0.6352993883,0.1178968996,2.06273761015,3.151858648,3.709171057,3.7960665825,4.057363987,4.057974815,3.58557264,2.4384194761250004,-1.785252287875,-3.9794785975,-2.976744175,1.286175847,2.628245771,2.673144341,2.339001298,1.1811070739249998,1.0081305105833334,1.516166329,1.6383393105,2.004858255,1.58473598925,0.6481275458333333,-0.6298015714,-1.11940972505,-3.181078434,-5.215716064,-6.133896668666666,-7.345037937000001,-3.7552911045,-1.7770056720000005,-1.6982040705,-1.67193687,-0.2755000293,-0.1130099967,0.86009758705,1.9646937845,2.2862631875,2.86251235,2.86251235,2.86251235,0.6652317438099999,-0.3527744176,-1.780670881,-1.876882076,-0.6875283121000001,0.7904590368,3.030296583633333,3.34173578,2.932150841,2.3915355805,1.54167002475,2.4838780365,2.3522875905,2.0514365432500004,1.8704679010000005,1.2263109984999998,0.2541197539,-1.309694052,-1.309694052,-2.4911065105,-4.4435830715,-6.424261172333334,-7.369625568,-5.058418542,-1.630703509,-1.306028843,-1.2892300688333334,-1.042593427275,-0.3127627671,0.3051269501499999,1.4833323656,2.182212670833333,2.39581173675,2.747822523,2.916573882,3.029889345,3.000058691,2.9732315545,2.128405601,-0.290466249,-5.106829642999999,-5.5083714325,-2.15268755,-0.84070271275,3.095251799,2.8835872415,1.93440511845,0.8081740737,1.139720931775
31,-5.215716064,-6.133896668666666,-7.345037937000001,-3.7552911045,-1.7770056720000005,-1.6982040705,-1.67193687,-0.2755000293,-0.1130099967,0.86009758705,1.9646937845,2.2862631875,2.86251235,2.86251235,2.86251235,0.6652317438099999,-0.3527744176,-1.780670881,-1.876882076,-0.6875283121000001,0.7904590368,3.030296583633333,3.34173578,2.932150841,2.3915355805,1.54167002475,2.4838780365,2.3522875905,2.0514365432500004,1.8704679010000005,1.2263109984999998,0.2541197539,-1.309694052,-1.309694052,-2.4911065105,-4.4435830715,-6.424261172333334,-7.369625568,-5.058418542,-1.630703509,-1.306028843,-1.2892300688333334,-1.042593427275,-0.3127627671,0.3051269501499999,1.4833323656,2.182212670833333,2.39581173675,2.747822523,2.916573882,3.029889345,3.000058691,2.9732315545,2.128405601,-0.290466249,-5.106829642999999,-5.5083714325,-2.15268755,-0.84070271275,3.095251799,2.8835872415,1.93440511845,0.8081740737,1.139720931775,2.141080976,2.147800446,2.0988294685,1.70858877925,1.272431374,1.272431374,-1.46775537725,-2.6726351975,-3.4915503265,-4.81330883475,-5.816654205,-5.001150012,-4.229322433499999,-1.729358196,-1.729358196,-1.729358196,-1.729358196,0.4875718951666667,0.9309579134,1.37887451055,2.722624302,2.722624302,3.210196256833333,3.335321724,3.207040071,2.467893749125,0.3697768846666667,-2.745599561055556,-4.97198104875,-4.631576538,-1.6471967695,1.337182999,2.178140163166667,2.157574385,1.591302752,1.24616414285,1.6294818122833332,1.775173068,2.0389139355,2.830136538,2.5482224230000003,1.4306453465,0.2536107002833332,-0.9498947263,-1.818086251725,-4.7528333665,-5.083005905,-8.5934421225,-7.622676134500001,-2.60411644,-2.60411644,-2.60411644,-1.6730568208333334,-0.9327905325,0.8049670607500001,1.458439648,1.885128736,2.9033384323333333,3.165959358,3.158170938,3.158170938,2.94879698775,2.331467261033333,0.7837395072
32,2.141080976,2.147800446,2.0988294685,1.70858877925,1.272431374,1.272431374,-1.46775537725,-2.6726351975,-3.4915503265,-4.81330883475,-5.816654205,-5.001150012,-4.229322433499999,-1.729358196,-1.729358196,-1.729358196,-1.729358196,0.4875718951666667,0.9309579134,1.37887451055,2.722624302,2.722624302,3.210196256833333,3.335321724,3.207040071,2.467893749125,0.3697768846666667,-2.745599561055556,-4.97198104875,-4.631576538,-1.6471967695,1.337182999,2.178140163166667,2.157574385,1.591302752,1.24616414285,1.6294818122833332,1.775173068,2.0389139355,2.830136538,2.5482224230000003,1.4306453465,0.2536107002833332,-0.9498947263,-1.818086251725,-4.7528333665,-5.083005905,-8.5934421225,-7.622676134500001,-2.60411644,-2.60411644,-2.60411644,-1.6730568208333334,-0.9327905325,0.8049670607500001,1.458439648,1.885128736,2.9033384323333333,3.165959358,3.158170938,3.158170938,2.94879698775,2.331467261033333,0.7837395072,-0.61040668185,-4.33164227,-3.870439291,-2.6676465273333334,3.29897528875,3.156949282,2.654207468,1.965915531,1.4841977755000002,1.824805766,2.77470052225,2.775158644,2.1117595735,1.6458733878833331,0.4221075773,0.25732680035,-0.2370155305,-1.453858178125,-4.083529254,-6.7602878805,-8.522174357,-10.30162334,-4.7360346305,-1.8529564933333331,-1.2457059619000002,-0.67897618468,0.02687804959,0.395534949375,1.0843868154666667,1.850003988,2.3441935185,3.1199918985,3.306611061,3.485696157,3.24827337275,2.8991642,1.986226797,-0.7313578722499999,-4.9242829085,-4.27712256845,0.5270235799,2.650542259,3.27774769075,3.003418545,1.952323794,1.98714306925,2.094044447,2.0204353035,1.697796801666667,1.427896380375,0.7965676785,0.09285146,-0.6204858869000001,-0.8290453255500001,-2.44468086975,-4.22306096525,-7.785166265,-10.640042626666668,-8.67794478275,-1.7768528725,-0.1550069376999999,-0.1343902498,-0.3300197012499999,0.3177514969666666
33,-0.61040668185,-4.33164227,-3.870439291,-2.6676465273333334,3.29897528875,3.156949282,2.654207468,1.965915531,1.4841977755000002,1.824805766,2.77470052225,2.775158644,2.1117595735,1.6458733878833331,0.4221075773,0.25732680035,-0.2370155305,-1.453858178125,-4.083529254,-6.7602878805,-8.522174357,-10.30162334,-4.7360346305,-1.8529564933333331,-1.2457059619000002,-0.67897618468,0.02687804959,0.395534949375,1.0843868154666667,1.850003988,2.3441935185,3.1199918985,3.306611061,3.485696157,3.24827337275,2.8991642,1.986226797,-0.7313578722499999,-4.9242829085,-4.27712256845,0.5270235799,2.650542259,3.27774769075,3.003418545,1.952323794,1.98714306925,2.094044447,2.0204353035,1.697796801666667,1.427896380375,0.7965676785,0.09285146,-0.6204858869000001,-0.8290453255500001,-2.44468086975,-4.22306096525,-7.785166265,-10.640042626666668,-8.67794478275,-1.7768528725,-0.1550069376999999,-0.1343902498,-0.3300197012499999,0.3177514969666666,1.116660833,1.4315616485,2.8182246685,3.260185242,4.0480991205,4.2119127515,3.97001016125,2.9553637505,1.40559983225,-3.3356271585,-6.476999283,-5.49213254475,-0.6902772189999999,2.95704376675,3.59035782,3.47979116475,2.3651157915,1.514333844,1.337030262,1.7894265258333333,2.0749548675,1.943313599,1.698204041,0.7654135526750001,0.2570722630683333,-0.2704603830425,-1.385899499075,-2.9553638695,-5.295433998,-9.695747697499998,-8.93954801925,-3.51231980305,-0.6939423978,-0.5955931544,-0.6011927624833334,-0.405308790525,0.379499740925,1.15789419405,2.07831463225,2.5943426291666665,4.015214125,4.108065605,3.990168691,3.864941359,2.41067596265,-0.9421062468249998,-4.704880714,-5.637671232,-2.99507006975,0.7929025295,1.6806417705,2.77317339175,2.416886449,1.675754815,1.3451242446666667,1.63925561325,2.60686540625,2.3478587865,1.874896735,1.2166390223333334,0.7817542255250001,0.372322099295,-0.04092793912,-2.36649019828
34,1.116660833,1.4315616485,2.8182246685,3.260185242,4.0480991205,4.2119127515,3.97001016125,2.9553637505,1.40559983225,-3.3356271585,-6.476999283,-5.49213254475,-0.6902772189999999,2.95704376675,3.59035782,3.47979116475,2.3651157915,1.514333844,1.337030262,1.7894265258333333,2.0749548675,1.943313599,1.698204041,0.7654135526750001,0.2570722630683333,-0.2704603830425,-1.385899499075,-2.9553638695,-5.295433998,-9.695747697499998,-8.93954801925,-3.51231980305,-0.6939423978,-0.5955931544,-0.6011927624833334,-0.405308790525,0.379499740925,1.15789419405,2.07831463225,2.5943426291666665,4.015214125,4.108065605,3.990168691,3.864941359,2.41067596265,-0.9421062468249998,-4.704880714,-5.637671232,-2.99507006975,0.7929025295,1.6806417705,2.77317339175,2.416886449,1.675754815,1.3451242446666667,1.63925561325,2.60686540625,2.3478587865,1.874896735,1.2166390223333334,0.7817542255250001,0.372322099295,-0.04092793912,-2.36649019828,-5.3097385961666665,-7.89191484425,-8.68878817575,-4.981296897,-2.452622175,-1.6668463745000002,-1.4068215784999998,-0.87918717395,-0.3848448097999999,-0.3848448098,0.9687297092,1.6221514042500005,2.80570191125,2.961777806,3.011563301,2.349284171833333,1.927278429,1.058628678,-0.1521053314999999,-2.868315607,-3.5167485873333333,-2.145357132,2.3988660575000003,3.425118923,3.425118923,2.7830999295,1.95049119,2.13649952425,2.5384485725,1.944840759,1.3511310616,0.813671871975,0.4106538500275,-0.189673516895,-0.8110757097500001,-1.543858886133333,-2.4246750180000003,-4.730536938,-7.361225843499999,-8.657328367249999,-3.377980390833333,-1.9285000634,-0.55955214055,-0.7959567904,-0.7959567904,0.4390081664,1.397047758,1.397047758,2.4703371525000004,3.984365523,4.1907360555,4.47641730325,4.17006850275,1.57847457375,-2.421009871875,-6.379464387833334,-5.666381836,-4.24444130999,0.98440859852,1.947436929,3.144935508833333,3.32982391125,2.4597996775,1.9339979295
35,-5.3097385961666665,-7.89191484425,-8.68878817575,-4.981296897,-2.452622175,-1.6668463745000002,-1.4068215784999998,-0.87918717395,-0.3848448097999999,-0.3848448098,0.9687297092,1.6221514042500005,2.80570191125,2.961777806,3.011563301,2.349284171833333,1.927278429,1.058628678,-0.1521053314999999,-2.868315607,-3.5167485873333333,-2.145357132,2.3988660575000003,3.425118923,3.425118923,2.7830999295,1.95049119,2.13649952425,2.5384485725,1.944840759,1.3511310616,0.813671871975,0.4106538500275,-0.189673516895,-0.8110757097500001,-1.543858886133333,-2.4246750180000003,-4.730536938,-7.361225843499999,-8.657328367249999,-3.377980390833333,-1.9285000634,-0.55955214055,-0.7959567904,-0.7959567904,0.4390081664,1.397047758,1.397047758,2.4703371525000004,3.984365523,4.1907360555,4.47641730325,4.17006850275,1.57847457375,-2.421009871875,-6.379464387833334,-5.666381836,-4.24444130999,0.98440859852,1.947436929,3.144935508833333,3.32982391125,2.4597996775,1.9339979295,2.19621157625,1.51606460435,0.5230529774,0.0740673560625,-0.03726275265,-0.2008217908124999,-0.29128068185,-0.4709767401,-1.088713757575,-2.94192481,-2.94192481,-8.369458,-9.454964638,-7.255393386074999,-0.4276053384,-0.1985310465,-0.4215985014666667,-0.127059862,0.4667007029,1.07695461795,2.2411101760000003,2.821788112,3.01141071275,3.36464321575,3.3786931035,3.32676959,2.1978914933,0.6389645338,-0.8376483619000001,-4.8081166745,-1.1201732727375,1.9292128093916665,3.1590872405,3.233765483,3.092197418,1.554650873,1.206050674,1.964541078,1.964541078,1.726914704,1.2198970022499998,0.9396118841533332,-0.03512472381,-0.15256347695,-0.62919071315,-0.9541707635,-3.211926937,-5.10072076275,-10.76710224,-10.76710224,-3.5883723195,-1.195462346,-1.0693187713,-0.6908880472,-0.11178824305,0.7509055436000001,1.5234967768499998,2.05769804125,3.30401492125,3.455662012,3.477194965,3.3993606171666664,2.73148185025,2.003025532
36,2.19621157625,1.51606460435,0.5230529774,0.0740673560625,-0.03726275265,-0.2008217908124999,-0.29128068185,-0.4709767401,-1.088713757575,-2.94192481,-2.94192481,-8.369458,-9.454964638,-7.255393386074999,-0.4276053384,-0.1985310465,-0.4215985014666667,-0.127059862,0.4667007029,1.07695461795,2.2411101760000003,2.821788112,3.01141071275,3.36464321575,3.3786931035,3.32676959,2.1978914933,0.6389645338,-0.8376483619000001,-4.8081166745,-1.1201732727375,1.9292128093916665,3.1590872405,3.233765483,3.092197418,1.554650873,1.206050674,1.964541078,1.964541078,1.726914704,1.2198970022499998,0.9396118841533332,-0.03512472381,-0.15256347695,-0.62919071315,-0.9541707635,-3.211926937,-5.10072076275,-10.76710224,-10.76710224,-3.5883723195,-1.195462346,-1.0693187713,-0.6908880472,-0.11178824305,0.7509055436000001,1.5234967768499998,2.05769804125,3.30401492125,3.455662012,3.477194965,3.3993606171666664,2.73148185025,2.003025532,2.003025532,2.003025532,-0.7779363588333332,-0.3272708352499998,2.7375905515000003,2.7498078345,2.629162073,1.6039272545000005,1.6592614055,2.359770536,2.359770536,2.0752603115,1.6408846183333334,1.572976828,1.269835174375,-0.0265726148999999,-0.4135554433,-3.206327329383333,-5.7263989447500006,-8.002939224,-8.1529064175,-4.539641559,-1.5447752474999998,-1.18080163,-1.0448841901,-0.5348121077,-0.289549917,0.7889318715,1.90574538725,2.603505611,3.0109524725,3.4129015205,3.3204573393333336,3.260032654,2.9849908355,2.06960994,1.59863317,-2.270686169333333,-3.999942414115,-0.06352993846,-0.06352993846,2.815017647885,3.77453351,3.19818258275,1.4779873492500002,1.504559994,1.504559994,1.415373723,1.233335972,1.0473276527,0.1169806123,-0.2553414702,-1.641291846533333,-2.67482423775,-3.64197588,-3.64197588,-8.22437799,-8.486133535833334,-2.157574415,-1.758068844525,-0.5595521331,-0.3469711989,-0.1677841991,0.537713713925
37,2.003025532,2.003025532,-0.7779363588333332,-0.3272708352499998,2.7375905515000003,2.7498078345,2.629162073,1.6039272545000005,1.6592614055,2.359770536,2.359770536,2.0752603115,1.6408846183333334,1.572976828,1.269835174375,-0.0265726148999999,-0.4135554433,-3.206327329383333,-5.7263989447500006,-8.002939224,-8.1529064175,-4.539641559,-1.5447752474999998,-1.18080163,-1.0448841901,-0.5348121077,-0.289549917,0.7889318715,1.90574538725,2.603505611,3.0109524725,3.4129015205,3.3204573393333336,3.260032654,2.9849908355,2.06960994,1.59863317,-2.270686169333333,-3.999942414115,-0.06352993846,-0.06352993846,2.815017647885,3.77453351,3.19818258275,1.4779873492500002,1.504559994,1.504559994,1.415373723,1.233335972,1.0473276527,0.1169806123,-0.2553414702,-1.641291846533333,-2.67482423775,-3.64197588,-3.64197588,-8.22437799,-8.486133535833334,-2.157574415,-1.758068844525,-0.5595521331,-0.3469711989,-0.1677841991,0.537713713925,1.1823287605,1.803272843,2.4322599570000003,2.6711759036666667,2.6175555585000003,2.262337744,1.9190317395,1.728747368,-0.8290198818125001,-2.416581154,-1.89062655,2.307847023,3.8435611725,4.092386802166667,3.099527836,2.7356051505,1.791360974,1.938884854,1.4425571756666666,1.30893048625,1.205847025,0.9450078011,-0.436921030275,-2.0450735685166666,-2.6280930635,-3.87929666025,-5.346899271000001,-8.76117551325,-9.880941550333333,-7.7908167545,-1.383608699,-1.218064368,-1.052520037,-0.5668825259166667,-0.242207892225,0.6246092319000001,1.177136421,1.177136421,2.290539304,2.716515779,2.716515779,2.896720886,3.3005024195,3.0697991251666665,1.26830798365,-0.3836230933,-2.8612906929999995,-2.861290693,-0.13072507575,1.251661911525,3.73635435075,3.289506793,2.915046692,2.6170464953333337,1.127045512,1.3565779625,2.045175314,1.58931744125,1.17652555345,0.8008437157,0.761595651525,0.1939495653,-1.8150319386,-2.8748313986666667
38,1.1823287605,1.803272843,2.4322599570000003,2.6711759036666667,2.6175555585000003,2.262337744,1.9190317395,1.728747368,-0.8290198818125001,-2.416581154,-1.89062655,2.307847023,3.8435611725,4.092386802166667,3.099527836,2.7356051505,1.791360974,1.938884854,1.4425571756666666,1.30893048625,1.205847025,0.9450078011,-0.436921030275,-2.0450735685166666,-2.6280930635,-3.87929666025,-5.346899271000001,-8.76117551325,-9.880941550333333,-7.7908167545,-1.383608699,-1.218064368,-1.052520037,-0.5668825259166667,-0.242207892225,0.6246092319000001,1.177136421,1.177136421,2.290539304,2.716515779,2.716515779,2.896720886,3.3005024195,3.0697991251666665,1.26830798365,-0.3836230933,-2.8612906929999995,-2.861290693,-0.13072507575,1.251661911525,3.73635435075,3.289506793,2.915046692,2.6170464953333337,1.127045512,1.3565779625,2.045175314,1.58931744125,1.17652555345,0.8008437157,0.761595651525,0.1939495653,-1.8150319386,-2.8748313986666667,-6.6871365315,-10.02245808,-10.02245808,-4.68869251125,-1.6193007233333334,-1.0743584374,-0.0754418038,0.5342012345999999,0.7269290686,0.8220203518333333,1.297476768,1.297476768,1.297476768,2.396575212,2.6480987863333336,2.073885918,2.073885918,1.1896591486,0.3054323792,-2.1289655269666667,-2.2608104947500003,1.745240688,2.888474226,4.060112715000001,3.789804975333334,2.31471931925,2.08763039125,1.9437717795,1.795331597,1.7301726541666664,1.505628973,1.435532212,1.01983875025,-0.0258090272749999,-0.6308196832833334,-1.306792482825,-3.669617534,-5.385384083000001,-5.385384083,-6.733053406333333,-3.142899275,-2.5657847823,-0.8497129082499999,-0.665231734475,-0.40693774815,0.6514872759999999,1.161712080275,1.793498993,2.71117067375,3.3193374081666662,3.43138009325,3.27622050075,2.986212492,2.4460552335,1.9651519010333327,-1.0164789781,-5.39179790025,-7.104357243,-1.2835795880249998,1.0775654714166667,3.181994677,3.00911992825,2.490495682,2.490495682
39,-6.6871365315,-10.02245808,-10.02245808,-4.68869251125,-1.6193007233333334,-1.0743584374,-0.0754418038,0.5342012345999999,0.7269290686,0.8220203518333333,1.297476768,1.297476768,1.297476768,2.396575212,2.6480987863333336,2.073885918,2.073885918,1.1896591486,0.3054323792,-2.1289655269666667,-2.2608104947500003,1.745240688,2.888474226,4.060112715000001,3.789804975333334,2.31471931925,2.08763039125,1.9437717795,1.795331597,1.7301726541666664,1.505628973,1.435532212,1.01983875025,-0.0258090272749999,-0.6308196832833334,-1.306792482825,-3.669617534,-5.385384083000001,-5.385384083,-6.733053406333333,-3.142899275,-2.5657847823,-0.8497129082499999,-0.665231734475,-0.40693774815,0.6514872759999999,1.161712080275,1.793498993,2.71117067375,3.3193374081666662,3.43138009325,3.27622050075,2.986212492,2.4460552335,1.9651519010333327,-1.0164789781,-5.39179790025,-7.104357243,-1.2835795880249998,1.0775654714166667,3.181994677,3.00911992825,2.490495682,2.490495682,2.490495682,2.6778784395,3.240026712,3.240026712,2.1019857225000003,1.270598739183333,0.2681696415,-0.6821832210000001,-0.9107993841,-0.9107993841,-2.1250967780833334,-8.196583748,-8.33082127575,-8.733533859,-3.86020719975,-1.83065983875,0.13561198302,0.00809395871,0.5357284173,1.3762783708750002,1.8238386513333331,2.265086651,2.265086651,2.57876575,2.892444849,2.9474225840000003,2.83441257475,2.462395906,0.1637117859999999,-2.134972334,-3.842339357083333,0.003817886125,1.82770741,2.893055618,3.958403826,2.9293002685000005,2.10305470225,2.47354412075,2.6988005635000003,2.509432554,1.9601632356666665,1.6461278199999998,1.033583164,0.548251118405,-0.1336266714975,-1.2274309691,-2.1966696975,-5.2386235,-7.492256641,-11.57848370275,-7.212684095333333,-1.964541078,-1.5150973315500005,-0.356745027,-0.5467239618,0.2753982097,1.0043295787222222,2.390110294033333,3.125795126,3.68382012875,3.8493644,3.828900337,3.828900337,3.3313510415
40,2.490495682,2.6778784395,3.240026712,3.240026712,2.1019857225000003,1.270598739183333,0.2681696415,-0.6821832210000001,-0.9107993841,-0.9107993841,-2.1250967780833334,-8.196583748,-8.33082127575,-8.733533859,-3.86020719975,-1.83065983875,0.13561198302,0.00809395871,0.5357284173,1.3762783708750002,1.8238386513333331,2.265086651,2.265086651,2.57876575,2.892444849,2.9474225840000003,2.83441257475,2.462395906,0.1637117859999999,-2.134972334,-3.842339357083333,0.003817886125,1.82770741,2.893055618,3.958403826,2.9293002685000005,2.10305470225,2.47354412075,2.6988005635000003,2.509432554,1.9601632356666665,1.6461278199999998,1.033583164,0.548251118405,-0.1336266714975,-1.2274309691,-2.1966696975,-5.2386235,-7.492256641,-11.57848370275,-7.212684095333333,-1.964541078,-1.5150973315500005,-0.356745027,-0.5467239618,0.2753982097,1.0043295787222222,2.390110294033333,3.125795126,3.68382012875,3.8493644,3.828900337,3.828900337,3.3313510415,2.833801746,-0.6745983362000002,-4.274373531,-6.451953888,-6.451953888000001,0.0913243290000003,2.561356067333333,4.006051064,3.59860432175,2.376264095,2.376264095,2.376264095,2.19453179825,1.649334908,1.649334908,0.8512400837,-0.1529198239,-0.8753692136,-3.01660293375,-5.017337799,-5.767785072,-8.0368421875,-5.45792400875,-2.250425816,-1.77303499,-1.295644164,-1.4814489281666667,-1.302363738125,-0.357661321775,0.8869756462000001,1.243720651,1.551494717333333,1.995695233,1.995695233,2.19392091,2.20659637475,1.9952880346666664,1.1392627657249998,0.401490852225,-0.8332195878,-0.8332195878,3.1740533812,4.437627137,5.823984623,4.222602725000001,2.87915849675,2.863428711833333,2.24630245575,1.936594039,1.984699726,1.40743246675,-0.1411097645833333,-0.4123337269,-1.098182141675,-3.636783361,-5.20136094075,-8.171843608166666,-9.9870285995,-8.136108398,-5.211898445999999,-1.92437675575,-1.4835869071666667,-1.168889738475,-0.334143044425
