"Time (s)","Pressure (hPa)"
1.514792230E-1,1.002441833E3
1.914791710E-1,1.002440369E3
2.314792760E-1,1.002440613E3
2.714795880E-1,1.002449890E3
3.114811510E-1,1.002466248E3
3.514672960E-1,1.002460632E3
3.914789630E-1,1.002454529E3
4.314789630E-1,1.002456238E3
4.714804730E-1,1.002461121E3
5.117456300E-1,1.002464294E3
5.514816710E-1,1.002467957E3
5.914792760E-1,1.002464783E3
6.314792760E-1,1.002472107E3
6.718120880E-1,1.002476990E3
7.114789630E-1,1.002509949E3
7.514764110E-1,1.002502136E3
7.914719840E-1,1.002486511E3
8.314733380E-1,1.002488953E3
8.714731300E-1,1.002517273E3
9.114729210E-1,1.002531921E3
9.514803690E-1,1.002537292E3
9.914732860E-1,1.002524109E3
1.031473182E0,1.002514099E3
1.071474380E0,1.002508728E3
1.111479223E0,1.002518005E3
1.151479744E0,1.002535583E3
1.191487713E0,1.002616394E3
1.231481671E0,1.002634460E3
1.271479171E0,1.002669373E3
1.311479223E0,1.002667664E3
1.351480526E0,1.002682556E3
1.391529953E0,1.002696960E3
1.431481515E0,1.002672791E3
1.471479223E0,1.002660828E3
1.511480734E0,1.002611511E3
1.551480786E0,1.002502869E3
1.591488859E0,1.002392761E3
1.631486098E0,1.002325378E3
1.671466932E0,1.002330750E3
1.711479223E0,1.002293884E3
1.751479171E0,1.002273376E3
1.791492192E0,1.002262390E3
1.831479223E0,1.002265320E3
1.871480473E0,1.002280212E3
1.911479276E0,1.002286316E3
1.951496203E0,1.002295593E3
1.991479223E0,1.002299011E3
2.031479276E0,1.002312439E3
2.071479015E0,1.002333923E3
2.111487244E0,1.002368103E3
2.151753026E0,1.002372009E3
2.191481515E0,1.002364685E3
2.231479536E0,1.002354919E3
2.271480473E0,1.002352966E3
2.311479276E0,1.002347107E3
2.351480005E0,1.002351990E3
2.391480057E0,1.002357605E3
2.431479223E0,1.002379578E3
2.471478963E0,1.002381287E3
2.511479015E0,1.002391785E3
2.551480526E0,1.002392517E3
2.591500005E0,1.002405945E3
2.631496151E0,1.002412048E3
2.671479015E0,1.002422302E3
2.711478963E0,1.002428894E3
2.751480473E0,1.002433044E3
2.791489640E0,1.002436462E3
2.831484276E0,1.002453796E3
2.871479171E0,1.002464539E3
2.911486776E0,1.002482849E3
2.951480421E0,1.002488220E3
2.991480994E0,1.002495789E3
3.031481567E0,1.002501160E3
3.071567661E0,1.002485291E3
3.111479223E0,1.002479431E3
3.151480421E0,1.002493835E3
3.191480526E0,1.002487732E3
3.231470526E0,1.002485291E3
3.271481046E0,1.002477966E3
3.311479484E0,1.002465027E3
3.351479015E0,1.002451111E3
3.391480734E0,1.002442810E3
3.431479588E0,1.002449646E3
3.471481776E0,1.002459412E3
3.511478911E0,1.002458191E3
3.551480994E0,1.002458923E3
3.591480213E0,1.002450867E3
3.631480213E0,1.002457703E3
3.671469953E0,1.002454529E3
3.711495630E0,1.002452087E3
3.751479276E0,1.002450378E3
3.791479015E0,1.002457458E3
3.831478963E0,1.002468933E3
3.871480317E0,1.002475769E3
3.911481515E0,1.002473083E3
3.951466984E0,1.002474548E3
3.991479223E0,1.002479431E3
4.031480421E0,1.002485291E3
4.071479223E0,1.002476257E3
4.111740942E0,1.002478455E3
4.151495057E0,1.002477966E3
4.191479171E0,1.002478455E3
4.231479171E0,1.002483582E3
4.271495213E0,1.002481384E3
4.311478911E0,1.002483337E3
4.351480421E0,1.002484070E3
4.391663807E0,1.002476990E3
4.431468026E0,1.002475525E3
4.471511151E0,1.002489929E3
4.511479223E0,1.002510925E3
4.551478963E0,1.002500183E3
4.591479536E0,1.002482117E3
4.631475317E0,1.002471375E3
4.671482713E0,1.002475281E3
4.711495057E0,1.002472107E3
4.751479536E0,1.002468933E3
4.791478963E0,1.002467224E3
4.831475317E0,1.002470398E3
4.871486098E0,1.002482605E3
4.911495473E0,1.002488708E3
4.951479223E0,1.002506042E3
4.991480421E0,1.002522400E3
5.031480682E0,1.002539490E3
5.071480994E0,1.002538025E3
5.111484744E0,1.002538025E3
5.151497140E0,1.002542908E3
5.191498338E0,1.002539246E3
5.231479276E0,1.002520447E3
5.271479171E0,1.002483826E3
5.311655682E0,1.002456726E3
5.351480526E0,1.002423035E3
5.391479484E0,1.002403259E3
5.431479432E0,1.002396912E3
5.471479484E0,1.002393494E3
5.511481567E0,1.002397644E3
5.551484692E0,1.002403992E3
5.591480734E0,1.002413269E3
5.631479223E0,1.002420593E3
5.671479276E0,1.002432312E3
5.711479223E0,1.002442810E3
5.751546932E0,1.002447449E3
5.791481151E0,1.002451843E3
5.831479276E0,1.002450867E3
5.871479223E0,1.002440613E3
5.911480473E0,1.002440125E3
5.951480473E0,1.002453308E3
5.991480630E0,1.002467224E3
6.031466255E0,1.002468689E3
6.071479276E0,1.002465271E3
6.111479223E0,1.002455750E3
6.151479796E0,1.002487488E3
6.191487817E0,1.002513855E3
6.231480942E0,1.002516541E3
6.271479015E0,1.002569031E3
6.311480526E0,1.002560242E3
6.351479223E0,1.002532166E3
6.391479796E0,1.002523621E3
6.431498182E0,1.002500916E3
6.471480317E0,1.002490906E3
6.511479276E0,1.002486267E3
6.551479171E0,1.002473328E3
6.591480265E0,1.002472107E3
6.631481567E0,1.002474304E3
6.671481307E0,1.002469666E3
6.711479223E0,1.002475525E3
6.751479171E0,1.002481140E3
6.791479276E0,1.002472839E3
6.831467348E0,1.002474548E3
6.871486463E0,1.002470642E3
6.911479223E0,1.002505066E3
6.951479223E0,1.002601990E3
6.991479223E0,1.002659607E3
7.031480578E0,1.002671814E3
7.071487244E0,1.002680603E3
7.111496151E0,1.002682068E3
7.151479223E0,1.002678406E3
7.191479171E0,1.002647644E3
7.231479223E0,1.002626648E3
7.271755526E0,1.002616394E3
7.311628078E0,1.002624939E3
7.351478911E0,1.002632507E3
7.391478911E0,1.002639343E3
7.431479015E0,1.002636414E3
7.471478963E0,1.002611023E3
7.511482505E0,1.002584167E3
7.551489901E0,1.002555359E3
7.591479171E0,1.002532410E3
7.631479223E0,1.002535828E3
7.671484432E0,1.002517517E3
7.711675526E0,1.002469666E3
7.751495161E0,1.002452576E3
7.791505265E0,1.002436218E3
7.831479015E0,1.002391785E3
7.871479223E0,1.002390808E3
7.911480005E0,1.002420349E3
7.951494953E0,1.002440613E3
7.991487296E0,1.002408630E3
8.031479484E0,1.002380798E3
8.071479536E0,1.002366638E3
8.111480005E0,1.002360291E3
8.151481619E0,1.002364929E3
8.191480578E0,1.002370789E3
8.231479328E0,1.002386414E3
8.271480526E0,1.002394226E3
8.311480526E0,1.002402283E3
8.351488546E0,1.002415955E3
8.391486359E0,1.002418396E3
8.431467244E0,1.002436707E3
8.471479432E0,1.002449158E3
8.511479171E0,1.002479431E3
8.551493859E0,1.002467224E3
8.591482192E0,1.002468933E3
8.631486463E0,1.002468201E3
8.671479223E0,1.002493103E3
8.711479484E0,1.002519226E3
8.751479171E0,1.002519958E3
8.791466255E0,1.002497742E3
8.831480786E0,1.002481140E3
8.871479171E0,1.002473083E3
8.911479119E0,1.002468933E3
8.951479223E0,1.002482361E3
8.991479015E0,1.002476257E3
9.031486411E0,1.002473816E3
9.071487869E0,1.002473083E3
9.111478963E0,1.002466248E3
9.151479380E0,1.002464539E3
9.191479276E0,1.002467712E3
9.231487609E0,1.002469177E3
9.271487869E0,1.002471619E3
9.311479171E0,1.002476501E3
9.351479171E0,1.002472107E3
9.391480213E0,1.002474304E3
9.431479953E0,1.002474548E3
9.471486255E0,1.002474548E3
9.511496567E0,1.002475525E3
9.551486880E0,1.002479675E3
9.591479171E0,1.002486023E3
9.631484432E0,1.002482849E3
9.671721151E0,1.002480652E3
9.711495734E0,1.002475281E3
9.751479171E0,1.002478455E3
9.791479171E0,1.002484802E3
9.831479223E0,1.002488464E3
9.871482661E0,1.002492615E3
9.911496932E0,1.002496277E3
9.951498182E0,1.002496521E3
9.991479171E0,1.002499207E3
1.003147943E1,1.002498962E3
1.007147922E1,1.002493103E3
1.011155480E1,1.002494324E3
1.015174339E1,1.002496765E3
1.019147896E1,1.002499451E3
1.023147943E1,1.002504089E3
1.027147948E1,1.002494812E3
1.031147922E1,1.002494568E3
1.035149855E1,1.002490173E3
1.039146620E1,1.002494812E3
1.043147896E1,1.002497253E3
1.047147922E1,1.002500916E3
1.051148021E1,1.002493347E3
1.055148756E1,1.002488220E3
1.059146631E1,1.002497253E3
1.063147917E1,1.002494812E3
1.067147891E1,1.002486023E3
1.071147922E1,1.002491638E3
1.075149011E1,1.002496277E3
1.079149370E1,1.002493591E3
1.083147922E1,1.002490173E3
1.087149537E1,1.002494568E3
1.091147922E1,1.002490173E3
1.095147995E1,1.002489685E3
1.099148282E1,1.002495056E3
1.103148094E1,1.002504333E3
1.107147917E1,1.002507996E3
1.111147917E1,1.002505310E3
1.115147922E1,1.002500427E3
1.119148099E1,1.002501160E3
1.123149511E1,1.002494080E3
1.127147896E1,1.002493591E3
1.131147896E1,1.002484070E3
1.135148042E1,1.002484802E3
1.139148230E1,1.002492126E3
1.143148084E1,1.002496033E3
1.147147948E1,1.002501892E3
1.151147891E1,1.002524597E3
1.155149360E1,1.002564148E3
1.159148027E1,1.002601013E3
1.163158402E1,1.002626160E3
1.167148683E1,1.002655212E3
1.171147922E1,1.002671326E3
1.175147917E1,1.002673767E3
1.179147891E1,1.002685486E3
1.183147584E1,1.002684753E3
1.187148152E1,1.002681335E3
1.191149631E1,1.002663757E3
1.195147943E1,1.002647156E3
1.199147917E1,1.002632507E3
1.203148000E1,1.002612244E3
1.207148657E1,1.002594666E3
1.211155464E1,1.002584167E3
1.215147532E1,1.002569763E3
1.219148073E1,1.002552429E3
1.223147928E1,1.002577332E3
1.227148204E1,1.002612244E3
1.231148964E1,1.002637634E3
1.235148094E1,1.002624451E3
1.239147917E1,1.002579041E3
1.243147917E1,1.002578552E3
1.247147948E1,1.002597351E3
1.251150162E1,1.002614685E3
1.255149714E1,1.002606628E3
1.259147891E1,1.002561462E3
1.263147891E1,1.002516296E3
1.267147922E1,1.002503357E3
1.271148740E1,1.002503601E3
1.275148688E1,1.002465759E3
1.279147948E1,1.002438416E3
1.283147922E1,1.002424500E3
1.287147917E1,1.002424255E3
1.291148282E1,1.002427429E3
1.295148188E1,1.002450378E3
1.299148615E1,1.002444519E3
1.303147943E1,1.002402283E3
1.307147948E1,1.002365906E3
1.311147922E1,1.002359558E3
1.315146756E1,1.002398865E3
1.319149829E1,1.002436707E3
1.323147928E1,1.002485291E3
1.327147922E1,1.002533630E3
1.331147917E1,1.002537537E3
1.335147948E1,1.002545837E3
1.339148235E1,1.002550232E3
1.343147896E1,1.002577576E3
1.347147922E1,1.002628845E3
1.351147922E1,1.002650818E3
1.355148844E1,1.002627869E3
1.359148464E1,1.002585144E3
1.363148141E1,1.002549255E3
1.367147922E1,1.002519470E3
1.371147896E1,1.002497986E3
1.375147943E1,1.002482849E3
1.379147995E1,1.002495056E3
1.383149615E1,1.002501160E3
1.387149662E1,1.002464539E3
1.391147922E1,1.002396912E3
1.395148047E1,1.002366638E3
1.399147922E1,1.002334167E3
1.403193672E1,1.002328308E3
1.407149417E1,1.002332703E3
1.411147928E1,1.002351501E3
1.415147948E1,1.002368103E3
1.419147943E1,1.002367126E3
1.423147948E1,1.002369324E3
1.427148792E1,1.002370789E3
1.431148620E1,1.002390076E3
1.435147948E1,1.002398621E3
1.439147896E1,1.002396667E3
1.443147917E1,1.002401306E3
1.447177719E1,1.002420105E3
1.451160303E1,1.002416443E3
1.455148188E1,1.002423279E3
1.459147928E1,1.002432800E3
1.463147917E1,1.002436707E3
1.467148047E1,1.002447449E3
1.471148167E1,1.002451599E3
1.475147896E1,1.002457947E3
1.479147922E1,1.002458435E3
1.483147527E1,1.002484558E3
1.487148204E1,1.002520203E3
1.491148818E1,1.002535583E3
1.495148141E1,1.002528259E3
1.499147912E1,1.002503601E3
1.503147917E1,1.002491394E3
1.507147948E1,1.002488220E3
1.511148751E1,1.002502380E3
1.515148672E1,1.002523621E3
1.519149615E1,1.002541687E3
1.523147917E1,1.002559265E3
1.527147922E1,1.002604431E3
1.531148006E1,1.002666687E3
1.535148146E1,1.002695984E3
1.539148079E1,1.002717712E3
1.543147922E1,1.002737732E3
1.547147902E1,1.002745544E3
1.551147917E1,1.002742126E3
1.555148594E1,1.002716248E3
1.559167912E1,1.002674500E3
1.563147922E1,1.002642029E3
1.567147891E1,1.002609558E3
1.571147917E1,1.002605652E3
1.575147917E1,1.002598083E3
1.579148073E1,1.002598572E3
1.583150756E1,1.002608582E3
1.587147891E1,1.002598083E3
1.591147917E1,1.002480896E3
1.595148079E1,1.002401306E3
1.599157386E1,1.002382751E3
1.603148089E1,1.002363953E3
1.607147912E1,1.002357849E3
1.611147917E1,1.002367371E3
1.615148724E1,1.002386414E3
1.619148209E1,1.002370056E3
1.623148469E1,1.002364929E3
1.627149620E1,1.002359070E3
1.631147886E1,1.002393738E3
1.635148042E1,1.002411072E3
1.639147974E1,1.002411560E3
1.643155797E1,1.002409363E3
1.647149584E1,1.002410339E3
1.651147922E1,1.002407898E3
1.655148688E1,1.002429138E3
1.659147922E1,1.002495789E3
1.663147948E1,1.002545105E3
1.667149776E1,1.002550232E3
1.671147917E1,1.002528748E3
1.675147928E1,1.002511414E3
1.679147886E1,1.002503845E3
1.683147917E1,1.002518494E3
1.687179438E1,1.002568298E3
1.691148126E1,1.002630066E3
1.695147917E1,1.002638855E3
1.699147891E1,1.002626892E3
1.703147917E1,1.002629089E3
1.707146714E1,1.002645691E3
1.711148631E1,1.002693542E3
1.715148032E1,1.002689392E3
1.719147917E1,1.002689636E3
1.723147928E1,1.002659363E3
1.727148000E1,1.002612488E3
1.731148615E1,1.002605408E3
1.735148178E1,1.002673767E3
1.739147928E1,1.002752136E3
1.743147896E1,1.002819031E3
1.747147917E1,1.002842712E3
1.751146693E1,1.002841003E3
1.755148782E1,1.002833923E3
1.759147917E1,1.002882263E3
1.763147917E1,1.002909363E3
1.767147922E1,1.002801208E3
1.771147558E1,1.002624451E3
1.775148157E1,1.002452332E3
1.779151016E1,1.002339050E3
1.783147917E1,1.002257019E3
1.787147922E1,1.002210876E3
1.791147917E1,1.002189636E3
1.795187245E1,1.002192322E3
1.799159157E1,1.002194763E3
1.803147917E1,1.002205750E3
1.807147902E1,1.002219666E3
1.811147948E1,1.002242615E3
1.815147917E1,1.002332458E3
1.819149308E1,1.002454529E3
1.823148099E1,1.002501160E3
1.827147922E1,1.002508484E3
1.831147896E1,1.002459412E3
1.835147943E1,1.002461121E3
1.839164573E1,1.002499451E3
1.843148693E1,1.002462097E3
1.847147198E1,1.002431335E3
1.851147230E1,1.002422546E3
1.855147334E1,1.002419128E3
1.859147829E1,1.002429626E3
1.863148740E1,1.002518738E3
1.867149027E1,1.002563416E3
1.871150797E1,1.002518494E3
1.875147688E1,1.002441589E3
1.879147506E1,1.002391052E3
1.883161198E1,1.002360046E3
1.887148058E1,1.002350037E3
1.891252928E1,1.002341248E3
1.895147224E1,1.002354187E3
1.899147652E1,1.002372986E3
1.903246844E1,1.002387878E3
1.907148573E1,1.002432800E3
1.911150016E1,1.002527527E3
1.915147657E1,1.002573181E3
1.919147198E1,1.002651794E3
1.923147459E1,1.002613464E3
1.927148063E1,1.002591003E3
1.931147693E1,1.002564636E3
1.935149912E1,1.002595154E3
1.939147198E1,1.002568298E3
1.943147407E1,1.002540955E3
1.947164178E1,1.002491394E3
1.951148933E1,1.002465271E3
1.955193500E1,1.002445496E3
1.959155771E1,1.002539490E3
1.963149011E1,1.002568298E3
1.967147344E1,1.002523132E3
1.971148678E1,1.002449402E3
1.975148026E1,1.002410339E3
1.979150756E1,1.002385925E3
1.983149110E1,1.002376160E3
1.987148021E1,1.002376404E3
1.991150266E1,1.002382751E3
1.995148865E1,1.002390564E3
1.999148849E1,1.002397156E3
2.003147912E1,1.002400574E3
2.007147891E1,1.002446472E3
2.011148126E1,1.002538513E3
2.015151063E1,1.002608093E3
2.019148459E1,1.002613464E3
2.023148256E1,1.002568787E3
2.027148105E1,1.002573181E3
2.031147902E1,1.002557556E3
2.035148084E1,1.002605408E3
2.039148339E1,1.002590759E3
2.043197537E1,1.002556580E3
2.047147917E1,1.002512146E3
2.051147896E1,1.002502136E3
2.055147974E1,1.002494812E3
2.059150902E1,1.002481628E3
2.063148516E1,1.002538513E3
2.067150980E1,1.002562683E3
2.071148110E1,1.002515320E3
2.075147928E1,1.002478210E3
2.079229209E1,1.002430359E3
2.083149360E1,1.002393005E3
2.087149969E1,1.002381287E3
2.091147948E1,1.002365906E3
2.095147917E1,1.002375183E3
2.099148329E1,1.002377625E3
2.103150376E1,1.002380310E3
2.107148943E1,1.002396179E3
2.111148146E1,1.002412537E3
2.115150948E1,1.002467712E3
2.119148021E1,1.002484802E3
2.123219329E1,1.002481873E3
2.127148433E1,1.002473083E3
2.131291709E1,1.002465271E3
2.135148146E1,1.002460388E3
2.139147922E1,1.002514099E3
2.143146735E1,1.002583923E3
2.147149662E1,1.002576355E3
2.151148099E1,1.002539734E3
2.155148126E1,1.002512390E3
2.159149693E1,1.002500671E3
2.163147974E1,1.002518982E3
2.167148938E1,1.002528992E3
2.171148433E1,1.002592224E3
2.175173948E1,1.002626160E3
2.179148615E1,1.002620056E3
2.183147943E1,1.002541931E3
2.187148735E1,1.002492126E3
2.191148980E1,1.002448914E3
2.195150610E1,1.002416199E3
2.199147891E1,1.002400330E3
2.203148131E1,1.002396912E3
2.207148026E1,1.002393494E3
2.211151719E1,1.002403748E3
2.215149308E1,1.002406433E3
2.219147891E1,1.002408875E3
2.223148902E1,1.002415466E3
2.227147948E1,1.002439148E3
2.231231506E1,1.002506531E3
2.235148907E1,1.002549500E3
2.239301266E1,1.002567566E3
2.243147917E1,1.002537292E3
2.247147896E1,1.002539734E3
2.251148667E1,1.002536560E3
2.255157131E1,1.002608826E3
2.259148610E1,1.002599792E3
2.263148115E1,1.002552917E3
2.267149605E1,1.002526794E3
2.271147891E1,1.002523132E3
2.275219667E1,1.002539246E3
2.279149193E1,1.002556580E3
2.283147948E1,1.002658386E3
2.287147943E1,1.002655945E3
2.291147922E1,1.002656677E3
2.295147636E1,1.002563171E3
2.299148537E1,1.002489441E3
2.303147917E1,1.002434998E3
2.307147912E1,1.002410095E3
2.311148464E1,1.002391296E3
2.315148000E1,1.002384705E3
2.319191136E1,1.002388123E3
2.323148943E1,1.002389099E3
2.327147917E1,1.002397400E3
2.331146719E1,1.002411072E3
2.335147922E1,1.002418152E3
2.339148042E1,1.002430847E3
2.343148323E1,1.002466492E3
2.347148693E1,1.002481628E3
2.351147943E1,1.002474792E3
2.355146714E1,1.002505066E3
2.359148099E1,1.002539246E3
2.363175360E1,1.002590759E3
2.367148485E1,1.002575623E3
2.371150928E1,1.002574402E3
2.375149792E1,1.002561951E3
2.379147922E1,1.002575378E3
2.383148464E1,1.002563416E3
2.387149193E1,1.002560730E3
2.391148537E1,1.002581726E3
2.395150865E1,1.002602478E3
2.399147917E1,1.002571228E3
2.403150943E1,1.002510925E3
2.407160172E1,1.002447693E3
2.411148329E1,1.002404480E3
2.415148709E1,1.002393494E3
2.419147902E1,1.002383484E3
2.423147948E1,1.002383728E3
2.427238042E1,1.002389832E3
2.431148714E1,1.002395203E3
2.435151605E1,1.002409363E3
2.439151099E1,1.002421082E3
2.443147896E1,1.002478210E3
2.447147969E1,1.002527527E3
2.451149214E1,1.002524597E3
2.455149693E1,1.002501160E3
2.459148756E1,1.002464294E3
2.463151266E1,1.002548767E3
2.467147943E1,1.002577820E3
2.471217219E1,1.002597595E3
2.475148704E1,1.002601013E3
2.479150193E1,1.002565125E3
2.483147922E1,1.002538757E3
2.487147922E1,1.002578308E3
2.491147943E1,1.002610046E3
2.495149214E1,1.002605652E3
2.499148126E1,1.002656189E3
2.503149323E1,1.002661560E3
2.507149558E1,1.002584167E3
2.511147990E1,1.002492126E3
2.515201547E1,1.002424011E3
2.519148339E1,1.002393738E3
2.523164553E1,1.002370544E3
2.527146724E1,1.002363708E3
2.531147912E1,1.002370056E3
2.535148407E1,1.002370300E3
2.539148412E1,1.002373474E3
2.543148563E1,1.002383728E3
2.547150553E1,1.002386902E3
2.551147917E1,1.002401794E3
2.555147995E1,1.002406677E3
2.559162745E1,1.002424500E3
2.563148318E1,1.002468445E3
2.567274313E1,1.002497986E3
2.571147912E1,1.002487000E3
2.575147912E1,1.002494568E3
2.579146881E1,1.002530212E3
2.583148355E1,1.002570496E3
2.587147922E1,1.002549988E3
2.591175183E1,1.002513367E3
2.595147917E1,1.002517029E3
2.599148001E1,1.002541199E3
2.603158745E1,1.002541687E3
2.607151058E1,1.002607849E3
2.611148063E1,1.002663513E3
2.615148157E1,1.002649109E3
2.619147974E1,1.002573914E3
2.623230797E1,1.002504822E3
2.627148417E1,1.002451599E3
2.631193464E1,1.002414734E3
2.635165193E1,1.002394958E3
2.639147917E1,1.002386902E3
2.643148021E1,1.002387878E3
2.647153120E1,1.002396423E3
2.651149766E1,1.002402283E3
2.655148084E1,1.002406433E3
2.659147922E1,1.002408875E3
2.663147917E1,1.002419373E3
2.667222303E1,1.002482849E3
2.671148938E1,1.002542175E3
2.675148615E1,1.002566833E3
2.679148136E1,1.002537781E3
2.683147928E1,1.002575134E3
2.687148001E1,1.002591003E3
2.691149323E1,1.002629333E3
2.695148870E1,1.002589783E3
2.699147922E1,1.002505554E3
2.703147891E1,1.002511169E3
2.707148235E1,1.002504822E3
2.711148818E1,1.002523621E3
2.715148250E1,1.002566345E3
2.719260292E1,1.002611511E3
2.723147948E1,1.002517517E3
2.727147891E1,1.002469177E3
2.731148167E1,1.002425964E3
2.735148318E1,1.002397644E3
2.739150876E1,1.002387634E3
2.743191344E1,1.002388123E3
2.747146735E1,1.002388855E3
2.751147969E1,1.002389587E3
2.755165188E1,1.002391296E3
2.759152948E1,1.002402283E3
2.763249849E1,1.002408875E3
2.767146657E1,1.002442322E3
2.771150954E1,1.002481628E3
2.775146792E1,1.002521423E3
2.779150303E1,1.002514099E3
2.783150683E1,1.002486511E3
2.787147922E1,1.002509705E3
2.791147922E1,1.002525330E3
2.795148261E1,1.002577576E3
2.799147198E1,1.002557556E3
2.803147318E1,1.002530457E3
2.807147198E1,1.002497253E3
2.811147224E1,1.002516785E3
2.815147318E1,1.002551453E3
2.819149839E1,1.002567322E3
2.823149573E1,1.002632507E3
2.827147917E1,1.002638855E3
2.831147917E1,1.002644958E3
2.835147896E1,1.002562195E3
2.839148240E1,1.002492615E3
2.843149844E1,1.002448181E3
2.847150547E1,1.002418640E3
2.851147922E1,1.002399597E3
2.855148495E1,1.002401794E3
2.859147917E1,1.002398132E3
2.863148235E1,1.002409607E3
2.867150626E1,1.002420593E3
2.871147922E1,1.002430603E3
2.875147922E1,1.002427185E3
2.879147922E1,1.002437927E3
2.883147922E1,1.002468933E3
2.887150631E1,1.002501160E3
2.891147928E1,1.002515808E3
2.895147922E1,1.002499451E3
2.899147558E1,1.002515076E3
2.903148146E1,1.002610046E3
2.907148204E1,1.002629089E3
2.911148079E1,1.002617859E3
2.915147891E1,1.002573669E3
2.919147917E1,1.002563904E3
2.923147922E1,1.002586365E3
2.927147917E1,1.002601746E3
2.931150667E1,1.002636169E3
2.935147922E1,1.002740906E3
2.939147922E1,1.002774841E3
2.943147917E1,1.002699890E3
2.947147974E1,1.002593445E3
2.951148438E1,1.002487488E3
2.955147912E1,1.002426453E3
2.959147865E1,1.002388123E3
2.963147896E1,1.002370056E3
2.967147917E1,1.002365173E3
2.971148126E1,1.002370544E3
2.975148693E1,1.002370056E3
2.979147912E1,1.002385193E3
2.983147917E1,1.002398621E3
2.987147948E1,1.002458679E3
2.991147943E1,1.002465515E3
2.995148933E1,1.002477722E3
2.999150782E1,1.002464783E3
3.003147917E1,1.002461609E3
3.007147917E1,1.002524353E3
3.011147948E1,1.002578552E3
3.015171745E1,1.002550476E3
3.019148599E1,1.002504333E3
3.023147917E1,1.002510925E3
3.027147928E1,1.002541199E3
3.031147865E1,1.002545837E3
3.035148079E1,1.002726257E3
3.039148120E1,1.002754578E3
3.043147922E1,1.002675964E3
3.047147922E1,1.002572937E3
3.051147917E1,1.002501404E3
3.055147922E1,1.002450378E3
3.059156855E1,1.002420105E3
3.063150605E1,1.002409119E3
3.067147922E1,1.002403503E3
3.071147917E1,1.002410583E3
3.075147912E1,1.002416199E3
3.079147943E1,1.002425720E3
3.083148547E1,1.002468933E3
3.087146558E1,1.002487976E3
3.091147922E1,1.002483582E3
3.095147928E1,1.002477966E3
3.099148188E1,1.002517761E3
3.103148849E1,1.002609314E3
3.107148141E1,1.002575623E3
3.111147896E1,1.002529724E3
3.115147928E1,1.002501648E3
3.119146714E1,1.002490906E3
3.123148693E1,1.002504089E3
3.127150912E1,1.002510437E3
3.131147917E1,1.002649353E3
3.135147948E1,1.002715027E3
3.139147917E1,1.002664978E3
3.143148120E1,1.002572693E3
3.147148261E1,1.002504333E3
3.151148141E1,1.002461853E3
3.155147917E1,1.002432556E3
3.159147922E1,1.002415710E3
3.163147922E1,1.002409119E3
3.167148126E1,1.002411560E3
3.171146657E1,1.002416687E3
3.175147891E1,1.002424500E3
3.179147943E1,1.002434509E3
3.183147891E1,1.002503845E3
3.187147948E1,1.002518250E3
3.191148126E1,1.002519470E3
3.195147917E1,1.002498230E3
3.199147917E1,1.002505554E3
3.203147896E1,1.002572693E3
3.207147500E1,1.002627380E3
3.211159792E1,1.002591736E3
3.215147917E1,1.002549744E3
3.219146735E1,1.002530457E3
3.223147891E1,1.002549255E3
3.227147943E1,1.002560974E3
3.231147995E1,1.002568542E3
3.235148178E1,1.002656433E3
3.239147922E1,1.002675964E3
3.243147896E1,1.002631775E3
3.247147917E1,1.002553894E3
3.251147980E1,1.002495789E3
3.255210662E1,1.002447937E3
3.259148079E1,1.002431335E3
3.263147954E1,1.002419128E3
3.267149594E1,1.002426941E3
3.271147917E1,1.002429871E3
3.275148131E1,1.002441101E3
3.279149094E1,1.002439880E3
3.283148928E1,1.002445251E3
3.287150641E1,1.002503357E3
3.291147532E1,1.002537048E3
3.295148110E1,1.002581726E3
3.299204000E1,1.002546570E3
3.303148334E1,1.002560974E3
3.307164933E1,1.002590027E3
3.311147922E1,1.002634949E3
3.315147922E1,1.002632019E3
3.319148922E1,1.002587830E3
3.323149011E1,1.002531433E3
3.327148105E1,1.002516052E3
3.331148068E1,1.002504578E3
3.335147928E1,1.002509949E3
3.339148126E1,1.002616638E3
3.343189620E1,1.002664490E3
3.347148917E1,1.002601746E3
3.351148803E1,1.002532898E3
3.355147922E1,1.002470398E3
3.359148042E1,1.002424011E3
3.363146662E1,1.002403992E3
3.367148500E1,1.002400085E3
3.371148631E1,1.002406189E3
3.375150933E1,1.002404480E3
3.379147922E1,1.002412048E3
3.383148094E1,1.002415222E3
3.387169709E1,1.002416199E3
3.391149313E1,1.002452576E3
3.395147896E1,1.002512634E3
3.399149902E1,1.002566833E3
3.403147922E1,1.002553650E3
3.407237521E1,1.002519226E3
3.411148141E1,1.002533142E3
3.415147928E1,1.002601746E3
3.419147922E1,1.002618103E3
3.423147948E1,1.002600037E3
3.427148334E1,1.002545349E3
3.431148126E1,1.002507751E3
3.435147948E1,1.002498474E3
3.439147922E1,1.002502380E3
3.443147948E1,1.002619080E3
3.447148386E1,1.002669617E3
3.451223740E1,1.002569763E3
3.455148172E1,1.002509705E3
3.459147902E1,1.002453796E3
3.463147922E1,1.002414734E3
3.467147917E1,1.002402771E3
3.471147995E1,1.002397644E3
3.475148115E1,1.002393005E3
3.479148146E1,1.002391541E3
3.483147891E1,1.002399597E3
3.487147912E1,1.002419128E3
3.491148073E1,1.002435486E3
3.495193740E1,1.002457947E3
3.499148079E1,1.002506287E3
3.503147928E1,1.002542908E3
3.507147922E1,1.002541931E3
3.511147922E1,1.002516541E3
3.515146709E1,1.002534363E3
3.519148152E1,1.002589783E3
3.523151079E1,1.002606873E3
3.527218678E1,1.002582947E3
3.531148026E1,1.002543396E3
3.535148000E1,1.002524841E3
3.539148209E1,1.002539490E3
3.543148532E1,1.002520691E3
3.547156230E1,1.002566589E3
3.551148136E1,1.002595154E3
3.555147886E1,1.002606384E3
3.559146912E1,1.002568298E3
3.563148740E1,1.002534363E3
3.567151037E1,1.002486023E3
3.571147922E1,1.002444763E3
3.575148146E1,1.002417908E3
3.579148027E1,1.002399353E3
3.583164672E1,1.002393005E3
3.587148152E1,1.002406433E3
3.591150771E1,1.002416931E3
3.595149657E1,1.002421326E3
3.599147891E1,1.002425232E3
3.603245474E1,1.002503845E3
3.607148334E1,1.002539246E3
3.611174974E1,1.002542175E3
3.615147928E1,1.002533386E3
3.619147922E1,1.002496765E3
3.623147876E1,1.002529236E3
3.627153438E1,1.002556091E3
3.631149063E1,1.002583191E3
3.635258287E1,1.002552185E3
3.639146730E1,1.002540222E3
3.643148485E1,1.002512146E3
3.647166761E1,1.002515076E3
3.651147917E1,1.002502625E3
3.655148172E1,1.002498230E3
3.659147922E1,1.002551453E3
3.663147917E1,1.002571716E3
3.667148000E1,1.002545105E3
3.671149459E1,1.002605652E3
3.675148547E1,1.002522156E3
3.679148047E1,1.002470642E3
3.683149803E1,1.002439392E3
3.687147974E1,1.002419373E3
3.691200771E1,1.002410339E3
3.695148417E1,1.002411316E3
3.699166105E1,1.002405212E3
3.703148969E1,1.002415466E3
3.707147922E1,1.002416931E3
3.711146928E1,1.002426697E3
3.715148214E1,1.002447693E3
3.719148594E1,1.002450867E3
3.723147928E1,1.002462341E3
3.727148105E1,1.002462097E3
3.731148021E1,1.002500916E3
3.735187490E1,1.002608582E3
3.739149011E1,1.002597107E3
3.743289683E1,1.002589783E3
3.747148099E1,1.002569519E3
3.751147917E1,1.002598328E3
3.755146719E1,1.002647400E3
3.759148636E1,1.002655212E3
3.763148105E1,1.002660339E3
3.767147928E1,1.002714050E3
3.771148162E1,1.002613464E3
3.775147980E1,1.002608337E3
3.779167099E1,1.002564880E3
3.783148662E1,1.002482361E3
3.787253938E1,1.002431824E3
3.791172126E1,1.002399597E3
3.795148042E1,1.002392761E3
3.799249131E1,1.002385193E3
3.803148417E1,1.002381042E3
3.807151079E1,1.002370544E3
3.811148178E1,1.002384460E3
3.815147886E1,1.002404236E3
3.819147917E1,1.002429138E3
3.823150553E1,1.002458923E3
3.827148448E1,1.002457703E3
3.831248646E1,1.002454285E3
3.835147943E1,1.002477478E3
3.839148282E1,1.002575134E3
3.843223000E1,1.002571716E3
3.847148631E1,1.002552185E3
3.851147896E1,1.002575867E3
3.855149573E1,1.002605408E3
3.859147896E1,1.002622253E3
3.863148126E1,1.002619812E3
3.867148657E1,1.002673767E3
3.871148016E1,1.002713562E3
3.875148230E1,1.002626404E3
3.879147891E1,1.002549500E3
3.883148047E1,1.002469910E3
3.887208094E1,1.002418640E3
3.891148902E1,1.002389343E3
3.895177532E1,1.002367126E3
3.899148110E1,1.002374695E3
3.903148865E1,1.002380310E3
3.907147823E1,1.002400818E3
3.911148355E1,1.002416443E3
3.915148704E1,1.002534851E3
3.919212396E1,1.002601990E3
3.923147922E1,1.002605896E3
3.927147974E1,1.002556091E3
3.931189240E1,1.002528992E3
3.935148480E1,1.002555603E3
3.939147917E1,1.002598328E3
3.943147922E1,1.002602966E3
3.947147922E1,1.002533630E3
3.951147011E1,1.002492126E3
3.955148240E1,1.002549500E3
3.959148110E1,1.002551453E3
3.963147922E1,1.002597839E3
3.967147922E1,1.002601013E3
3.971148047E1,1.002572693E3
3.975149209E1,1.002536072E3
3.979149053E1,1.002582947E3
3.983147896E1,1.002597351E3
3.987147922E1,1.002525574E3
3.991147902E1,1.002453308E3
3.995195250E1,1.002435242E3
3.999148558E1,1.002412292E3
4.003149412E1,1.002372742E3
4.007147922E1,1.002356873E3
4.011148047E1,1.002348816E3
4.015148016E1,1.002344910E3
4.019148011E1,1.002351257E3
4.023193714E1,1.002368591E3
4.027147886E1,1.002383240E3
4.031147917E1,1.002495789E3
4.035147943E1,1.002514099E3
4.039180698E1,1.002550720E3
4.043151235E1,1.002528015E3
4.047147922E1,1.002527039E3
4.051147922E1,1.002572693E3
4.055147922E1,1.002609802E3
4.059147969E1,1.002663025E3
4.063148646E1,1.002743103E3
4.067147954E1,1.002878601E3
4.071148021E1,1.003018982E3
4.075147902E1,1.003056824E3
4.079148073E1,1.002994812E3
4.083148167E1,1.002959900E3
4.087164792E1,1.002770691E3
4.091147928E1,1.002573669E3
4.095147922E1,1.002423279E3
4.099147928E1,1.002330261E3
4.103147902E1,1.002264587E3
4.107149115E1,1.002237000E3
4.111148126E1,1.002238220E3
4.115147922E1,1.002253601E3
4.119149646E1,1.002260925E3
4.123148094E1,1.002268738E3
4.127148245E1,1.002325378E3
4.131192761E1,1.002450134E3
4.135148152E1,1.002437927E3
4.139147928E1,1.002383484E3
4.143147917E1,1.002378845E3
4.147147745E1,1.002449890E3
4.151148219E1,1.002622253E3
4.155198667E1,1.002742371E3
4.159147896E1,1.002827332E3
4.163147922E1,1.002867615E3
4.167148308E1,1.002843201E3
4.171148105E1,1.002701355E3
4.175148146E1,1.002510193E3
4.179147902E1,1.002392029E3
4.183147912E1,1.002330505E3
4.187147943E1,1.002332947E3
4.191194714E1,1.002280212E3
4.195148704E1,1.002259216E3
4.199148021E1,1.002261414E3
4.203147532E1,1.002266785E3
4.207147943E1,1.002278259E3
4.211147943E1,1.002291931E3
4.215149162E1,1.002401794E3
4.219158313E1,1.002393738E3
4.223147886E1,1.002368347E3
4.227147922E1,1.002399109E3
4.231148047E1,1.002520691E3
4.235183527E1,1.002665955E3
4.239150631E1,1.002806335E3
4.243148058E1,1.002873718E3
4.247147922E1,1.002829041E3
4.251147532E1,1.002628113E3
4.255148126E1,1.002448425E3
4.259148308E1,1.002352966E3
4.263148094E1,1.002311462E3
4.267147928E1,1.002304871E3
4.271147896E1,1.002267517E3
4.275148016E1,1.002235535E3
4.279159865E1,1.002219421E3
4.283150745E1,1.002242615E3
4.287151349E1,1.002260681E3
4.291147922E1,1.002272888E3
4.295147928E1,1.002360291E3
4.299147709E1,1.002367126E3
4.303148308E1,1.002337097E3
4.307147922E1,1.002335388E3
4.311147943E1,1.002444763E3
4.315147902E1,1.002576843E3
4.319147995E1,1.002713074E3
4.323148787E1,1.002779236E3
4.327150818E1,1.002737488E3
4.331147922E1,1.002565857E3
4.335147922E1,1.002409851E3
4.339147948E1,1.002320740E3
4.343146766E1,1.002288757E3
4.347148141E1,1.002247742E3
4.351148183E1,1.002218445E3
4.355147922E1,1.002204529E3
4.359149386E1,1.002198914E3
4.363148120E1,1.002220886E3
4.367148209E1,1.002246277E3
4.371148162E1,1.002254089E3
4.375147922E1,1.002347351E3
4.379147912E1,1.002359314E3
4.383148042E1,1.002310486E3
4.387201985E1,1.002298523E3
4.391148068E1,1.002394226E3
4.395148089E1,1.002539734E3
4.399147891E1,1.002664490E3
4.403147922E1,1.002769958E3
4.407147943E1,1.002792419E3
4.411148219E1,1.002736755E3
4.415197334E1,1.002537048E3
4.419147922E1,1.002370300E3
4.423147922E1,1.002319519E3
4.427148594E1,1.002257996E3
4.431150709E1,1.002205017E3
4.435148073E1,1.002177917E3
4.439148073E1,1.002150818E3
4.443147917E1,1.002147888E3
4.447147896E1,1.002151062E3
4.451148183E1,1.002172058E3
4.455148094E1,1.002194275E3
4.459148089E1,1.002243103E3
4.463148099E1,1.002306580E3
4.467147896E1,1.002317810E3
4.471147995E1,1.002281189E3
4.475173829E1,1.002276550E3
4.479148652E1,1.002347107E3
4.483148136E1,1.002478943E3
4.487147969E1,1.002572449E3
4.491147917E1,1.002682312E3
4.495146646E1,1.002736267E3
4.499148407E1,1.002705261E3
4.503151719E1,1.002565125E3
4.507147922E1,1.002391785E3
4.511147917E1,1.002295837E3
4.515147969E1,1.002222595E3
4.519148735E1,1.002197449E3
4.523161928E1,1.002164490E3
4.527147922E1,1.002135925E3
4.531147922E1,1.002117371E3
4.535148042E1,1.002108582E3
4.539146782E1,1.002124939E3
4.543148068E1,1.002169128E3
4.547150584E1,1.002291199E3
4.551147896E1,1.002342957E3
4.555147902E1,1.002362000E3
4.559148021E1,1.002369324E3
4.563148261E1,1.002352478E3
4.567149678E1,1.002283875E3
4.571147928E1,1.002242371E3
4.575147922E1,1.002350281E3
4.579147943E1,1.002485779E3
4.583146724E1,1.002678162E3
4.587190495E1,1.002800964E3
4.591148058E1,1.002864441E3
4.595147917E1,1.002861755E3
4.599147922E1,1.002833191E3
4.603147912E1,1.002718933E3
4.607148782E1,1.002588806E3
4.611147917E1,1.002495056E3
4.615166120E1,1.002307800E3
4.619147917E1,1.002133728E3
4.623148459E1,1.002026062E3
4.627171042E1,1.001975525E3
4.631149297E1,1.001946228E3
4.635148089E1,1.001938416E3
4.639147948E1,1.001940369E3
4.643147943E1,1.001958679E3
4.647148068E1,1.001976990E3
4.651148172E1,1.001988953E3
4.655150823E1,1.002009705E3
4.659147928E1,1.002035828E3
4.663147922E1,1.002061462E3
4.667147917E1,1.002092712E3
4.671171240E1,1.002109314E3
4.675149667E1,1.002127136E3
4.679147922E1,1.002133240E3
4.683147922E1,1.002158630E3
4.687147886E1,1.002207947E3
4.691146662E1,1.002226990E3
4.695149631E1,1.002263123E3
4.699154954E1,1.002259460E3
4.703147917E1,1.002239929E3
4.707147896E1,1.002285095E3
4.711147969E1,1.002352966E3
4.715149428E1,1.002341736E3
4.719197021E1,1.002314148E3
4.723151058E1,1.002276794E3
4.727150105E1,1.002266052E3
4.731147896E1,1.002243103E3
4.735146683E1,1.002299255E3
4.739148605E1,1.002255310E3
4.743151146E1,1.002221130E3
4.747147917E1,1.002194519E3
4.751147922E1,1.002193542E3
4.755147995E1,1.002209412E3
4.759148349E1,1.002225281E3
4.763149646E1,1.002379089E3
4.767164287E1,1.002411072E3
4.771147922E1,1.002341003E3
4.775147922E1,1.002297058E3
4.779146771E1,1.002267273E3
4.783148079E1,1.002233337E3
4.787148485E1,1.002241882E3
4.791147912E1,1.002321716E3
4.795147891E1,1.002440613E3
4.799147938E1,1.002525085E3
4.803148485E1,1.002605164E3
4.807188756E1,1.002628357E3
4.811147917E1,1.002614197E3
4.815147928E1,1.002559265E3
4.819148261E1,1.002407898E3
4.823168623E1,1.002272644E3
4.827148878E1,1.002199158E3
4.831170936E1,1.002119080E3
4.835148061E1,1.002080261E3
4.839148113E1,1.002051697E3
4.843147936E1,1.002044617E3
4.847148368E1,1.002033875E3
4.851148113E1,1.002042664E3
4.855148034E1,1.002084412E3
4.859148784E1,1.002125183E3
4.863147988E1,1.002177917E3
4.867211972E1,1.002222107E3
4.871148316E1,1.002227722E3
4.875170868E1,1.002229431E3
4.879147936E1,1.002244080E3
4.883147915E1,1.002204041E3
4.887148800E1,1.002174011E3
4.891148358E1,1.002189392E3
4.895147941E1,1.002297546E3
4.899147915E1,1.002418640E3
4.903147915E1,1.002505554E3
4.907147967E1,1.002574890E3
4.911178305E1,1.002579041E3
4.915148920E1,1.002507507E3
4.919150425E1,1.002336609E3
4.923147910E1,1.002201599E3
4.927147910E1,1.002149353E3
4.931148191E1,1.002103943E3
4.935148050E1,1.002059998E3
4.939151253E1,1.002028992E3
4.943170561E1,1.002016296E3
4.947148108E1,1.002006531E3
4.951147962E1,1.002020691E3
4.955169571E1,1.002059265E3
4.959149233E1,1.002137390E3
4.963150743E1,1.002189148E3
4.967151941E1,1.002139587E3
4.971147910E1,1.002122253E3
4.975229097E1,1.002187195E3
4.979148608E1,1.002309509E3
4.983148628E1,1.002403259E3
4.987148128E1,1.002512146E3
4.991147910E1,1.002562927E3
4.995148201E1,1.002525330E3
4.999148045E1,1.002352722E3
5.003147936E1,1.002196228E3
5.007147915E1,1.002121033E3
5.011147910E1,1.002059753E3
5.015147920E1,1.002006287E3
5.019181884E1,1.001982849E3
5.023148102E1,1.001975037E3
5.027148654E1,1.001967712E3
5.031147936E1,1.001985046E3
5.035147920E1,1.002012634E3
5.039147936E1,1.002027039E3
5.043149331E1,1.002086853E3
5.047148097E1,1.002137390E3
5.051151227E1,1.002099792E3
5.055149519E1,1.002072937E3
5.059148045E1,1.002105652E3
5.063191592E1,1.002199158E3
5.067148284E1,1.002315125E3
5.071150123E1,1.002453796E3
5.075147910E1,1.002542175E3
5.079147904E1,1.002563904E3
5.083148238E1,1.002510925E3
5.087149863E1,1.002296326E3
5.091148519E1,1.002145935E3
5.095147915E1,1.002111023E3
5.099147884E1,1.002056824E3
5.103147993E1,1.001997742E3
5.107194826E1,1.001959900E3
5.111148915E1,1.001934265E3
5.115147941E1,1.001922058E3
5.119148399E1,1.001934021E3
5.123148660E1,1.001953796E3
5.127148045E1,1.001960144E3
5.131150488E1,1.001985535E3
5.135148139E1,1.002079529E3
5.139198878E1,1.002074890E3
5.143147910E1,1.002036560E3
5.147148081E1,1.002036804E3
5.151148139E1,1.002143982E3
5.155148451E1,1.002297546E3
5.159150660E1,1.002448914E3
5.163153076E1,1.002555359E3
5.167153665E1,1.002564636E3
5.171240675E1,1.002477966E3
5.175148144E1,1.002295593E3
5.179148571E1,1.002132263E3
5.183153581E1,1.002042664E3
5.187147982E1,1.001960632E3
5.191148201E1,1.001916199E3
5.195156321E1,1.001883972E3
5.199149915E1,1.001868347E3
5.203149347E1,1.001868103E3
5.207147915E1,1.001890564E3
5.211147910E1,1.001926208E3
5.215225243E1,1.001946228E3
5.219149029E1,1.001987000E3
5.223150488E1,1.002035583E3
5.227146706E1,1.002007751E3
5.231147915E1,1.001976501E3
5.235148097E1,1.001996033E3
5.239148358E1,1.002065857E3
5.243148571E1,1.002206238E3
5.247148092E1,1.002360291E3
5.251153821E1,1.002504578E3
5.255147910E1,1.002563660E3
5.259164983E1,1.002559021E3
5.263148623E1,1.002464294E3
5.267195118E1,1.002289490E3
5.271146686E1,1.002151306E3
5.275147946E1,1.002202820E3
5.279147503E1,1.002074646E3
5.283148300E1,1.001942566E3
5.287150555E1,1.001865906E3
5.291147894E1,1.001812683E3
5.295148139E1,1.001780212E3
5.299147988E1,1.001775085E3
5.303185456E1,1.001781677E3
5.307148649E1,1.001804382E3
5.311150920E1,1.001839539E3
5.315150498E1,1.001984802E3
5.319147920E1,1.002064148E3
5.323146800E1,1.002069519E3
5.327148795E1,1.002061218E3
5.331148717E1,1.001984314E3
5.335150946E1,1.001950134E3
5.339147915E1,1.001912781E3
5.343147998E1,1.001897644E3
5.347148040E1,1.001934265E3
5.351150691E1,1.001937927E3
5.355148087E1,1.001961609E3
5.359148034E1,1.001995789E3
5.363147894E1,1.002008728E3
5.367167420E1,1.002040222E3
5.371148826E1,1.002087830E3
5.375147977E1,1.002128113E3
5.379147915E1,1.002130554E3
5.383147889E1,1.002067566E3
5.387148113E1,1.002032166E3
5.391148534E1,1.002012634E3
5.395189154E1,1.002158142E3
5.399147654E1,1.002141296E3
5.403147889E1,1.002037537E3
5.407148061E1,1.001981873E3
5.411169316E1,1.001941833E3
5.415148733E1,1.001909363E3
5.419149613E1,1.001890320E3
5.423147894E1,1.001888855E3
5.427147920E1,1.001887390E3
5.431148040E1,1.001894714E3
5.435148233E1,1.001909851E3
5.439148040E1,1.001923767E3
5.443147915E1,1.001940369E3
5.447147884E1,1.001949890E3
5.451148019E1,1.002056335E3
5.455152045E1,1.002088318E3
5.459150529E1,1.002058044E3
5.463147889E1,1.002037537E3
5.467147920E1,1.002139832E3
5.471147946E1,1.002236023E3
5.475146665E1,1.002377136E3
5.479148712E1,1.002516541E3
5.483150925E1,1.002562195E3
5.487147894E1,1.002424255E3
5.491147910E1,1.002257263E3
5.495147972E1,1.002109558E3
5.499190706E1,1.002034607E3
5.503149290E1,1.001951843E3
5.507189196E1,1.001950867E3
5.511147946E1,1.001917908E3
5.515147904E1,1.001870544E3
5.519152732E1,1.001840759E3
5.523149389E1,1.001823669E3
5.527150816E1,1.001822205E3
5.531147915E1,1.001828308E3
5.535147915E1,1.001847595E3
5.539148061E1,1.001886414E3
5.543182233E1,1.001903503E3
5.547148300E1,1.001914490E3
5.551148988E1,1.001934021E3
5.555147894E1,1.001915955E3
5.559147910E1,1.001914246E3
5.563238337E1,1.002048523E3
5.567148399E1,1.002211121E3
5.571196279E1,1.002313660E3
5.575147915E1,1.002416199E3
5.579147894E1,1.002435242E3
5.583148061E1,1.002354431E3
5.587161467E1,1.002140564E3
5.591147915E1,1.001976013E3
5.595147910E1,1.001905212E3
5.599147889E1,1.001895935E3
5.603147920E1,1.001880310E3
5.607185811E1,1.001855896E3
5.611147889E1,1.001813416E3
5.615147946E1,1.001791687E3
5.619147920E1,1.001801941E3
5.623149858E1,1.001898132E3
5.627148014E1,1.001942322E3
5.631149561E1,1.001939148E3
5.635148092E1,1.001949890E3
5.639148800E1,1.001903748E3
5.643147915E1,1.001867126E3
5.647148019E1,1.001873230E3
5.651191311E1,1.001955994E3
5.655148248E1,1.002109558E3
5.659151024E1,1.002264099E3
5.663147915E1,1.002389099E3
5.667148045E1,1.002436707E3
5.671148290E1,1.002398376E3
5.675148316E1,1.002219666E3
5.679148055E1,1.002022156E3
5.683147920E1,1.002002136E3
5.687146733E1,1.001926208E3
5.691148014E1,1.001843445E3
5.695148800E1,1.001781433E3
5.699150534E1,1.001731140E3
5.703147941E1,1.001714783E3
5.707147941E1,1.001712341E3
5.711147936E1,1.001768250E3
5.715248790E1,1.001812927E3
5.719148415E1,1.001831238E3
5.723151206E1,1.001819763E3
5.727147894E1,1.001799988E3
5.731147915E1,1.001824890E3
5.735148092E1,1.001903015E3
5.739156680E1,1.002042175E3
5.743149342E1,1.002181091E3
5.747147910E1,1.002295349E3
5.751147915E1,1.002343201E3
5.755147946E1,1.002279724E3
5.759184165E1,1.002097107E3
5.763149889E1,1.001920837E3
5.767148144E1,1.001852234E3
5.771147894E1,1.001797058E3
5.775147884E1,1.001737732E3
5.779148014E1,1.001698425E3
5.783148232E1,1.001679626E3
5.787148566E1,1.001664001E3
5.791147910E1,1.001682068E3
5.795146717E1,1.001702087E3
5.799147920E1,1.001723572E3
5.803162988E1,1.001754822E3
5.807149029E1,1.001818787E3
5.811147915E1,1.001813416E3
5.815147951E1,1.001790466E3
5.819147910E1,1.001801941E3
5.823148899E1,1.001911316E3
5.827149743E1,1.002034363E3
5.831150529E1,1.002168396E3
5.835150764E1,1.002245544E3
5.839148748E1,1.002269226E3
5.843148014E1,1.002208679E3
5.847149915E1,1.002020203E3
5.851148493E1,1.001863708E3
5.855163436E1,1.001820251E3
5.859147915E1,1.001802917E3
5.863147920E1,1.001752625E3
5.867146712E1,1.001721375E3
5.871148587E1,1.001686462E3
5.875149821E1,1.001669373E3
5.879154305E1,1.001669128E3
5.883147915E1,1.001679871E3
5.887148066E1,1.001696472E3
5.891150769E1,1.001742859E3
5.895148290E1,1.001816101E3
5.899148113E1,1.001815369E3
5.903148071E1,1.001781921E3
5.907147910E1,1.001768005E3
5.911241784E1,1.001817810E3
5.915149654E1,1.001968445E3
5.919146623E1,1.002091492E3
5.923155831E1,1.002239929E3
5.927147910E1,1.002307068E3
5.931147967E1,1.002307312E3
5.935151399E1,1.002238464E3
5.939196196E1,1.002024597E3
5.943151160E1,1.001854187E3
5.947147915E1,1.001797058E3
5.951147915E1,1.001762390E3
5.955220868E1,1.001711365E3
5.959148092E1,1.001660339E3
5.963166956E1,1.001624695E3
5.967150696E1,1.001611511E3
5.971147915E1,1.001602966E3
5.975147993E1,1.001624207E3
5.979148206E1,1.001651794E3
5.983149055E1,1.001775574E3
5.987150894E1,1.001785339E3
5.991147915E1,1.001783630E3
5.995148019E1,1.001799744E3
5.999159592E1,1.001806091E3
6.003148863E1,1.001881042E3
6.007150498E1,1.001901062E3
6.011147915E1,1.001828064E3
6.015147920E1,1.001846130E3
6.019147378E1,1.001821960E3
6.023149415E1,1.001798279E3
6.027148160E1,1.001782410E3
6.031150837E1,1.001764099E3
6.035146691E1,1.001736511E3
6.039147967E1,1.001723328E3
6.043148139E1,1.001712585E3
6.047150118E1,1.001703796E3
6.051277774E1,1.001694031E3
6.055149561E1,1.001719177E3
6.059148045E1,1.001753113E3
6.063146717E1,1.001927429E3
6.067147983E1,1.001884705E3
6.071148118E1,1.001817078E3
6.075147894E1,1.001791687E3
6.079147915E1,1.001777283E3
6.083147967E1,1.001751404E3
6.087148243E1,1.001737976E3
6.091152227E1,1.001757507E3
6.095150139E1,1.001768005E3
6.099147894E1,1.001820007E3
6.103150295E1,1.001872986E3
6.107197988E1,1.001862732E3
6.111148425E1,1.001847595E3
6.115148108E1,1.001854431E3
6.119148123E1,1.001958923E3
6.123147920E1,1.002040955E3
6.127148045E1,1.002133972E3
6.131155092E1,1.002227722E3
6.135147998E1,1.002232361E3
6.139149514E1,1.002063660E3
6.143147858E1,1.001882996E3
6.147148378E1,1.001773132E3
6.151218472E1,1.001732361E3
6.155148602E1,1.001786560E3
6.159231665E1,1.001755554E3
6.163147910E1,1.001699890E3
6.167147915E1,1.001664246E3
6.171147993E1,1.001643982E3
6.175150498E1,1.001635681E3
6.179149144E1,1.001648621E3
6.183148139E1,1.001666199E3
6.187147884E1,1.001730408E3
6.191148092E1,1.001772644E3
6.195220331E1,1.001759460E3
6.199150967E1,1.001733582E3
6.203150706E1,1.001718689E3
6.207147915E1,1.001791443E3
6.211147915E1,1.001912048E3
6.215149055E1,1.002024109E3
6.219149040E1,1.002153015E3
6.223148675E1,1.002209656E3
6.227218430E1,1.002175720E3
6.231147941E1,1.002025085E3
6.235147967E1,1.001929382E3
6.239154873E1,1.001823425E3
6.243149722E1,1.001741394E3
6.247147920E1,1.001670349E3
6.251147910E1,1.001613953E3
6.255147941E1,1.001580261E3
6.259149259E1,1.001561951E3
6.263150680E1,1.001571472E3
6.267147951E1,1.001600525E3
6.271147920E1,1.001726746E3
6.275147962E1,1.001820496E3
6.279148149E1,1.001832703E3
6.283150081E1,1.001830017E3
6.287148108E1,1.001805115E3
6.291147889E1,1.001731873E3
6.295147884E1,1.001693054E3
6.299147920E1,1.001761902E3
6.303185410E1,1.001911072E3
6.307149488E1,1.001996033E3
6.311147941E1,1.002113220E3
6.315147915E1,1.002144958E3
6.319147915E1,1.002095154E3
6.323148066E1,1.001936218E3
6.327148654E1,1.001759216E3
6.331148915E1,1.001714294E3
6.335147894E1,1.001670837E3
6.339147915E1,1.001606140E3
6.343147946E1,1.001561218E3
6.347211769E1,1.001535583E3
6.351149279E1,1.001521912E3
6.355151233E1,1.001530212E3
6.359147915E1,1.001544128E3
6.363147498E1,1.001561218E3
6.367148040E1,1.001576599E3
6.371149514E1,1.001652771E3
6.375149019E1,1.001664978E3
6.379147941E1,1.001629089E3
6.383147889E1,1.001621033E3
6.387147962E1,1.001719177E3
6.391150670E1,1.001886658E3
6.395148144E1,1.002015564E3
6.399150863E1,1.002168152E3
6.403147915E1,1.002219910E3
6.407147894E1,1.002203552E3
6.411146717E1,1.002122986E3
6.415148706E1,1.001925720E3
6.419151118E1,1.001748962E3
6.423198946E1,1.001665222E3
6.427147915E1,1.001574402E3
6.431147998E1,1.001503357E3
6.435148425E1,1.001458923E3
6.439148123E1,1.001441589E3
6.443151134E1,1.001446960E3
6.447147915E1,1.001462830E3
6.451147910E1,1.001489929E3
6.455150180E1,1.001543884E3
6.459148087E1,1.001616638E3
6.463148108E1,1.001587830E3
6.467147941E1,1.001563660E3
6.471147884E1,1.001563416E3
6.475147962E1,1.001671814E3
6.479148337E1,1.001826355E3
6.483148175E1,1.001953796E3
6.487147555E1,1.002070984E3
6.491147920E1,1.002111511E3
6.495148008E1,1.002090759E3
6.499148331E1,1.001999695E3
6.503148456E1,1.001807312E3
6.507146696E1,1.001679382E3
6.511147915E1,1.001606873E3
6.515147915E1,1.001535339E3
6.519147967E1,1.001475525E3
6.523150233E1,1.001444031E3
6.527149311E1,1.001421326E3
6.531147920E1,1.001413757E3
6.535148581E1,1.001435486E3
6.539147915E1,1.001467712E3
6.543172009E1,1.001576843E3
6.547148118E1,1.001638123E3
6.551171894E1,1.001640076E3
6.555147946E1,1.001618591E3
6.559147946E1,1.001593933E3
6.563147889E1,1.001592712E3
6.567148675E1,1.001551697E3
6.571148555E1,1.001543152E3
6.575147920E1,1.001605164E3
6.579147915E1,1.001736267E3
6.583147998E1,1.001871277E3
6.587148144E1,1.002004089E3
6.591148102E1,1.002117615E3
6.595148170E1,1.002177429E3
6.599147889E1,1.002201111E3
6.603147920E1,1.002104675E3
6.607148264E1,1.001843201E3
6.611149727E1,1.001648376E3
6.615150576E1,1.001533875E3
6.619147915E1,1.001474060E3
6.623147920E1,1.001401794E3
6.627147962E1,1.001358582E3
6.631169821E1,1.001336609E3
6.635150451E1,1.001330994E3
6.639147915E1,1.001346619E3
6.643147915E1,1.001358582E3
6.647147920E1,1.001501648E3
6.651148467E1,1.001631775E3
6.655147988E1,1.001707947E3
6.659148134E1,1.001742615E3
6.663147889E1,1.001709167E3
6.667147920E1,1.001663513E3
6.671148087E1,1.001568298E3
6.675148180E1,1.001503845E3
6.679150915E1,1.001500671E3
6.683147910E1,1.001475769E3
6.687147915E1,1.001473572E3
6.691147915E1,1.001520447E3
6.695222034E1,1.001533875E3
6.699148279E1,1.001536804E3
6.703148878E1,1.001518494E3
6.707147915E1,1.001513855E3
6.711147894E1,1.001540222E3
6.715148045E1,1.001568542E3
6.719149061E1,1.001551208E3
6.723175800E1,1.001520935E3
6.727147915E1,1.001750916E3
6.731147920E1,1.001654236E3
6.735147910E1,1.001585144E3
6.739170384E1,1.001546082E3
6.743148618E1,1.001507507E3
6.747147920E1,1.001481384E3
6.751147910E1,1.001472107E3
6.755147920E1,1.001477966E3
6.759148774E1,1.001487976E3
6.763148899E1,1.001500916E3
6.767272160E1,1.001512878E3
6.771147889E1,1.001519226E3
6.775147915E1,1.001525330E3
6.779147993E1,1.001528992E3
6.783188587E1,1.001533875E3
6.787148206E1,1.001548279E3
6.791147915E1,1.001570984E3
6.795147915E1,1.001577087E3
6.799147884E1,1.001636658E3
6.803146811E1,1.001829041E3
6.807149425E1,1.002043640E3
6.811150623E1,1.002201843E3
6.815147915E1,1.002345886E3
6.819147920E1,1.002489197E3
6.823147951E1,1.002574158E3
6.827148602E1,1.002734558E3
6.831150258E1,1.002466248E3
6.835199019E1,1.001668640E3
6.839147941E1,1.001426941E3
6.843147946E1,1.001267761E3
6.847148165E1,1.001180847E3
6.851148425E1,1.001145203E3
6.855148160E1,1.001138611E3
6.859147915E1,1.001143005E3
6.863147894E1,1.001188660E3
6.867147972E1,1.001250916E3
6.871148290E1,1.001277527E3
6.875148128E1,1.001280457E3
6.879147915E1,1.001328308E3
6.883147894E1,1.001317810E3
6.887147920E1,1.001325378E3
6.891228368E1,1.001420593E3
6.895148035E1,1.001558289E3
6.899147910E1,1.001680603E3
6.903147915E1,1.001799744E3
6.907147889E1,1.001850037E3
6.911147998E1,1.001820740E3
6.915148113E1,1.001700134E3
6.919149363E1,1.001557800E3
6.923147920E1,1.001453796E3
6.927150618E1,1.001390076E3
6.931147941E1,1.001358337E3
6.935161019E1,1.001334656E3
6.939149243E1,1.001297302E3
6.943151300E1,1.001285339E3
6.947147915E1,1.001287781E3
6.951147910E1,1.001310974E3
6.955148545E1,1.001376160E3
6.959148123E1,1.001415710E3
6.963148045E1,1.001450867E3
6.967148743E1,1.001473083E3
6.971147910E1,1.001453796E3
6.975148019E1,1.001434021E3
6.979150774E1,1.001423767E3
6.983149212E1,1.001523376E3
6.987146654E1,1.001665955E3
6.991147915E1,1.001768005E3
6.995147941E1,1.001865662E3
6.999146717E1,1.001924744E3
7.003148154E1,1.001906189E3
7.007148040E1,1.001803162E3
7.011147915E1,1.001631042E3
7.015147889E1,1.001587585E3
7.019147962E1,1.001503113E3
7.023148232E1,1.001386902E3
7.027200738E1,1.001334412E3
7.031147920E1,1.001300232E3
7.035147910E1,1.001267029E3
7.039147915E1,1.001257996E3
7.043239404E1,1.001265808E3
7.047148587E1,1.001295593E3
7.051150581E1,1.001347839E3
7.055147889E1,1.001375916E3
7.059147910E1,1.001391541E3
7.063147915E1,1.001432800E3
7.067148055E1,1.001411560E3
7.071148113E1,1.001394958E3
7.075147894E1,1.001392029E3
7.079147910E1,1.001516296E3
7.083147915E1,1.001662048E3
7.087218587E1,1.001796814E3
7.091149358E1,1.001915466E3
7.095147910E1,1.001954529E3
7.099147910E1,1.001939636E3
7.103147915E1,1.001820251E3
7.107148019E1,1.001608826E3
7.111148894E1,1.001507996E3
7.115163670E1,1.001451355E3
7.119148165E1,1.001353699E3
7.123147889E1,1.001277771E3
7.127148175E1,1.001231873E3
7.131200144E1,1.001204285E3
7.135148311E1,1.001207214E3
7.139148061E1,1.001221619E3
7.143147910E1,1.001270203E3
7.147147915E1,1.001347351E3
7.151147441E1,1.001354431E3
7.155148113E1,1.001335876E3
7.159267128E1,1.001319519E3
7.163147946E1,1.001299988E3
7.167147915E1,1.001315125E3
7.171147988E1,1.001429626E3
7.175178748E1,1.001612000E3
7.179209613E1,1.001742126E3
7.183148462E1,1.001847595E3
7.187147910E1,1.001899109E3
7.191148144E1,1.001900330E3
7.195146686E1,1.001813171E3
7.199150686E1,1.001621521E3
7.203148134E1,1.001472107E3
7.207147915E1,1.001416931E3
7.211147910E1,1.001258972E3
7.215147941E1,1.001207947E3
7.219160441E1,1.001165222E3
7.223150795E1,1.001152771E3
7.227147941E1,1.001150818E3
7.231147915E1,1.001179871E3
7.235147915E1,1.001259460E3
7.239236493E1,1.001319031E3
7.243148811E1,1.001337097E3
7.247150592E1,1.001321716E3
7.251148055E1,1.001329773E3
7.255147915E1,1.001306335E3
7.259147894E1,1.001306580E3
7.263148233E1,1.001403259E3
7.267175123E1,1.001555359E3
7.271148055E1,1.001703064E3
7.275147910E1,1.001844666E3
7.279148613E1,1.001905701E3
7.283226410E1,1.001937683E3
7.287149665E1,1.001889832E3
7.291150920E1,1.001716980E3
7.295147946E1,1.001521179E3
7.299147941E1,1.001570984E3
7.303148003E1,1.001452576E3
7.307149587E1,1.001336853E3
7.311182842E1,1.001246033E3
7.315147884E1,1.001158386E3
7.319198503E1,1.001100525E3
7.323148066E1,1.001072693E3
7.327156102E1,1.001066345E3
7.331148581E1,1.001075134E3
7.335148092E1,1.001110779E3
7.339147910E1,1.001227722E3
7.343147910E1,1.001335388E3
7.347146670E1,1.001350037E3
7.351148305E1,1.001404236E3
7.355148128E1,1.001400818E3
7.359147915E1,1.001330017E3
7.363147941E1,1.001306335E3
7.367147998E1,1.001269958E3
7.371148128E1,1.001247742E3
7.375149410E1,1.001266296E3
7.379147910E1,1.001240173E3
7.383147915E1,1.001253845E3
7.387147889E1,1.001303894E3
7.391146680E1,1.001347351E3
7.395148378E1,1.001391052E3
7.399148175E1,1.001437683E3
7.403147910E1,1.001461853E3
7.407147915E1,1.001455261E3
7.411147727E1,1.001437683E3
7.415148654E1,1.001366394E3
7.419148087E1,1.001385437E3
7.423147920E1,1.001499207E3
7.427147920E1,1.001627136E3
7.431147915E1,1.001452332E3
7.435240363E1,1.001333435E3
7.439149113E1,1.001267273E3
7.443148170E1,1.001211365E3
7.447146608E1,1.001175232E3
7.451147894E1,1.001165955E3
7.455148227E1,1.001181824E3
7.459148227E1,1.001187439E3
7.463149290E1,1.001353455E3
7.467148055E1,1.001417664E3
7.471147910E1,1.001408875E3
7.475147910E1,1.001380554E3
7.479213691E1,1.001374695E3
7.483148321E1,1.001334167E3
7.487204003E1,1.001295349E3
7.491148139E1,1.001298279E3
7.495147894E1,1.001309509E3
7.499147946E1,1.001366394E3
7.503149029E1,1.001426453E3
7.507149706E1,1.001497498E3
7.511147920E1,1.001573425E3
7.515147503E1,1.001640808E3
7.519147967E1,1.001649109E3
7.523221972E1,1.001512634E3
7.527148233E1,1.001382019E3
7.531158076E1,1.001333679E3
7.535148149E1,1.001256531E3
7.539205337E1,1.001195007E3
7.543147003E1,1.001165222E3
7.547148795E1,1.001151794E3
7.551150498E1,1.001132263E3
7.555218175E1,1.001118347E3
7.559147884E1,1.001117371E3
7.563147972E1,1.001131775E3
7.567188258E1,1.001155701E3
7.571148561E1,1.001212585E3
7.575147915E1,1.001309509E3
7.579147915E1,1.001361755E3
7.583147915E1,1.001359070E3
7.587146910E1,1.001325623E3
7.591149274E1,1.001269958E3
7.595148571E1,1.001247742E3
7.599147915E1,1.001334167E3
7.603147915E1,1.001459412E3
7.607148118E1,1.001552429E3
7.611153753E1,1.001646179E3
7.615148493E1,1.001685486E3
7.619148337E1,1.001655701E3
7.623148191E1,1.001504822E3
7.627147920E1,1.001330017E3
7.631234186E1,1.001262878E3
7.635149545E1,1.001206970E3
7.639150529E1,1.001143982E3
7.643149639E1,1.001114197E3
7.647147941E1,1.001095398E3
7.651148118E1,1.001084656E3
7.655148873E1,1.001091492E3
7.659148581E1,1.001112488E3
7.663233894E1,1.001136658E3
7.667147915E1,1.001191833E3
7.671147910E1,1.001230408E3
7.675232618E1,1.001237000E3
7.679148363E1,1.001205017E3
7.683168394E1,1.001179871E3
7.687147941E1,1.001172791E3
7.691148040E1,1.001264832E3
7.695147915E1,1.001417419E3
7.699149342E1,1.001543884E3
7.703148821E1,1.001658142E3
7.707147920E1,1.001704529E3
7.711147920E1,1.001673523E3
7.715148071E1,1.001564636E3
7.719224613E1,1.001385925E3
7.723148524E1,1.001266785E3
7.727165545E1,1.001197693E3
7.731147946E1,1.001139099E3
7.735147946E1,1.001095154E3
7.739148118E1,1.001058533E3
7.743148326E1,1.001039246E3
7.747150529E1,1.001023865E3
7.751148134E1,1.001034119E3
7.755147920E1,1.001051941E3
7.759147967E1,1.001108582E3
7.763176295E1,1.001200867E3
7.767148503E1,1.001237244E3
7.771171186E1,1.001192078E3
7.775148092E1,1.001145935E3
7.779147915E1,1.001133728E3
7.783246753E1,1.001176941E3
7.787148295E1,1.001272156E3
7.791150519E1,1.001375183E3
7.795147889E1,1.001509460E3
7.799147925E1,1.001573425E3
7.803147972E1,1.001600525E3
7.807168337E1,1.001575378E3
7.811148925E1,1.001456726E3
7.815148081E1,1.001297302E3
7.819147910E1,1.001293152E3
7.823147941E1,1.001216003E3
7.827250342E1,1.001136902E3
7.831148550E1,1.001077820E3
7.835148092E1,1.001032410E3
7.839160472E1,1.001014099E3
7.843147920E1,1.001008484E3
7.847147941E1,1.001016541E3
7.851148748E1,1.001032654E3
7.855150436E1,1.001066345E3
7.859147920E1,1.001107361E3
7.863147894E1,1.001144714E3
7.867147894E1,1.001123230E3
7.871215706E1,1.001105652E3
7.875148248E1,1.001127625E3
7.879166029E1,1.001207214E3
7.883147941E1,1.001304382E3
7.887147925E1,1.001428162E3
7.891148904E1,1.001568054E3
7.895149024E1,1.001639343E3
7.899234311E1,1.001684998E3
7.903147915E1,1.001684509E3
7.907147889E1,1.001643494E3
7.911147941E1,1.001537048E3
7.915182436E1,1.001372498E3
7.919148425E1,1.001263123E3
7.923160253E1,1.001130310E3
7.927147920E1,1.001020447E3
7.931147915E1,1.000940369E3
7.935146738E1,1.000897888E3
7.939151050E1,1.000872986E3
7.943147524E1,1.000857605E3
7.947147920E1,1.000870056E3
7.951147920E1,1.000895203E3
7.955147915E1,1.000938171E3
7.959149858E1,1.001099792E3
7.963148045E1,1.001117615E3
7.967149743E1,1.001110291E3
7.971147884E1,1.001082214E3
7.975147915E1,1.001063416E3
7.979146941E1,1.001071716E3
7.983148863E1,1.001049500E3
7.987201165E1,1.001055115E3
7.991147941E1,1.001111755E3
7.995146691E1,1.001221130E3
7.999148139E1,1.001355408E3
8.003152430E1,1.001520203E3
8.007149363E1,1.001636902E3
8.011147894E1,1.001695251E3
8.015147915E1,1.001722839E3
8.019147915E1,1.001694031E3
8.023221743E1,1.001546082E3
8.027148482E1,1.001393005E3
8.031148118E1,1.001389099E3
8.035147884E1,1.001291443E3
8.039149128E1,1.001084656E3
8.043148097E1,1.000938904E3
8.047148503E1,1.000865906E3
8.051148040E1,1.000814148E3
8.055220795E1,1.000785828E3
8.059148175E1,1.000773621E3
8.063147962E1,1.000779968E3
8.067205128E1,1.000789734E3
8.071148873E1,1.000807312E3
8.075173108E1,1.000825623E3
8.079147915E1,1.000854919E3
8.083148113E1,1.000872742E3
8.087148451E1,1.000899597E3
8.091148373E1,1.000920593E3
8.095149462E1,1.000943054E3
8.099182519E1,1.000957947E3
8.103147889E1,1.000984070E3
8.107148066E1,1.001041443E3
8.111205472E1,1.001050720E3
8.115148243E1,1.001056335E3
8.119149394E1,1.001067566E3
8.123147920E1,1.001048279E3
8.127147894E1,1.001039490E3
8.131146831E1,1.001108337E3
8.135148363E1,1.001213806E3
8.139148899E1,1.001232361E3
8.143150837E1,1.001245056E3
8.147147915E1,1.001284363E3
8.151148175E1,1.001267517E3
8.155163936E1,1.001237488E3
8.159151102E1,1.001202576E3
8.163147915E1,1.001102966E3
8.167147915E1,1.001044861E3
8.171147894E1,1.001008972E3
8.175245279E1,1.000975037E3
8.179148410E1,1.000966003E3
8.183150535E1,1.000982605E3
8.187147920E1,1.000989441E3
8.191147910E1,1.001101990E3
8.195147910E1,1.001164734E3
8.199151826E1,1.001136658E3
8.203148061E1,1.001110779E3
8.207148727E1,1.001099548E3
8.211147915E1,1.001074402E3
8.215148483E1,1.001061707E3
8.219213331E1,1.001083923E3
8.223148837E1,1.001156921E3
8.227158561E1,1.001253845E3
8.231147915E1,1.001355408E3
8.235147941E1,1.001412048E3
8.239148118E1,1.001439148E3
8.243148805E1,1.001447693E3
8.247147915E1,1.001403748E3
8.251147884E1,1.001286804E3
8.255151087E1,1.001136414E3
8.259147550E1,1.001034363E3
8.263212212E1,1.000980408E3
8.267148378E1,1.000931580E3
8.271151014E1,1.000902283E3
8.275147920E1,1.000878845E3
8.279149253E1,1.000878357E3
8.283146722E1,1.000886658E3
8.287148858E1,1.000921570E3
8.291148134E1,1.001023376E3
8.295150863E1,1.001141541E3
8.299147936E1,1.001192566E3
8.303147930E1,1.001176208E3
8.307185946E1,1.001139099E3
8.311148738E1,1.001086853E3
8.315147915E1,1.001020203E3
8.319147915E1,1.000971375E3
8.323148014E1,1.001049255E3
8.327146680E1,1.001165955E3
8.331150623E1,1.001280212E3
8.335147915E1,1.001440125E3
8.339147920E1,1.001409363E3
8.343147889E1,1.001275574E3
8.347148071E1,1.001140320E3
8.351148904E1,1.001037781E3
8.355148316E1,1.001026306E3
8.359148071E1,1.000944519E3
8.363149326E1,1.000906921E3
8.367147915E1,1.000846619E3
8.371250347E1,1.000807068E3
8.375149040E1,1.000799255E3
8.379148087E1,1.000808777E3
8.383150498E1,1.000827576E3
8.387148201E1,1.000852478E3
8.391147936E1,1.000892517E3
8.395160899E1,1.000968933E3
8.399148873E1,1.000997742E3
8.403148201E1,1.000966492E3
8.407147915E1,1.000957458E3
8.411148404E1,1.000973572E3
8.415220842E1,1.001088806E3
8.419148670E1,1.001200867E3
8.423191196E1,1.001343689E3
8.427147915E1,1.001440125E3
8.431147884E1,1.001469666E3
8.435147915E1,1.001429626E3
8.439148555E1,1.001317810E3
8.443148587E1,1.001137146E3
8.447147555E1,1.001023132E3
8.451147894E1,1.000974792E3
8.455147608E1,1.000930359E3
8.459194045E1,1.000902039E3
8.463148269E1,1.000842468E3
8.467160170E1,1.000800964E3
8.471147920E1,1.000793152E3
8.475147920E1,1.000811462E3
8.479148988E1,1.000835388E3
8.483148233E1,1.000892761E3
8.487147910E1,1.000966003E3
8.491147920E1,1.000972351E3
8.495148040E1,1.000942810E3
8.499148092E1,1.000929138E3
8.503148222E1,1.000919128E3
8.507150534E1,1.000999207E3
8.511148061E1,1.001152283E3
8.515147941E1,1.001272888E3
8.519147910E1,1.001426941E3
8.523149118E1,1.001518250E3
8.527151066E1,1.001516541E3
8.531147915E1,1.001435730E3
8.535147941E1,1.001252136E3
8.539147941E1,1.001069031E3
8.543147962E1,1.001016785E3
8.547148446E1,1.000961609E3
8.551147889E1,1.000898621E3
8.555148009E1,1.000847107E3
8.559147915E1,1.000808777E3
8.563148040E1,1.000800964E3
8.567146790E1,1.000801208E3
8.571150717E1,1.000819519E3
8.575148071E1,1.000852478E3
8.579147915E1,1.000914978E3
8.583147920E1,1.000933777E3
8.587148092E1,1.000915222E3
8.591148180E1,1.000909607E3
8.595148144E1,1.000908630E3
8.599148066E1,1.000956482E3
8.603147920E1,1.001068054E3
8.607147910E1,1.001218445E3
8.611163977E1,1.001370544E3
8.615148108E1,1.001483826E3
8.619147915E1,1.001512390E3
8.623148045E1,1.001474304E3
8.627147889E1,1.001344666E3
8.631148175E1,1.001123718E3
8.635148534E1,1.000988953E3
8.639147910E1,1.000985535E3
8.643147936E1,1.000894714E3
8.647147915E1,1.000842957E3
8.651147936E1,1.000767761E3
8.655148592E1,1.000723083E3
8.659150555E1,1.000703308E3
8.663147915E1,1.000703308E3
8.667147915E1,1.000726013E3
8.671147910E1,1.000820496E3
8.675147248E1,1.000929138E3
8.679148389E1,1.000929138E3
8.683148675E1,1.000927673E3
8.687147936E1,1.000954041E3
8.691147920E1,1.000945496E3
8.695148139E1,1.000907654E3
8.699155019E1,1.000864441E3
8.703150660E1,1.000886169E3
8.707147910E1,1.000852966E3
8.711147920E1,1.000946716E3
8.715147925E1,1.000995789E3
8.719146790E1,1.000966492E3
8.723148748E1,1.000919617E3
8.727150587E1,1.000881042E3
8.731147925E1,1.000893005E3
8.735147889E1,1.000874939E3
8.739148118E1,1.000910828E3
8.743148764E1,1.001097595E3
8.747218316E1,1.000998962E3
8.751147894E1,1.000925232E3
8.755147925E1,1.000875671E3
8.759147910E1,1.000841003E3
8.763201029E1,1.000821960E3
8.767148139E1,1.000817810E3
8.771150748E1,1.000821960E3
8.775147920E1,1.000835388E3
8.779147915E1,1.000843445E3
8.783148061E1,1.000847351E3
8.787148915E1,1.000917908E3
8.791148066E1,1.000934753E3
8.795147920E1,1.000914001E3
8.799147915E1,1.000937927E3
8.803148045E1,1.000950867E3
8.807161779E1,1.000905945E3
8.811151108E1,1.000880554E3
8.815148092E1,1.000880554E3
8.819147894E1,1.000896912E3
8.823147920E1,1.000913513E3
8.827147936E1,1.000903015E3
8.831149519E1,1.000900330E3
8.835147894E1,1.000991638E3
8.839147910E1,1.001016052E3
8.843147863E1,1.000946228E3
8.847148040E1,1.000907898E3
8.851150305E1,1.000887390E3
8.855148128E1,1.000867126E3
8.859147894E1,1.000868347E3
8.863148019E1,1.000876404E3
8.867147910E1,1.001014587E3
8.871148201E1,1.001095398E3
8.875148774E1,1.001042175E3
8.879150498E1,1.000975769E3
8.883150915E1,1.001010193E3
8.887147915E1,1.000948914E3
8.891147967E1,1.000924500E3
8.895148748E1,1.000985535E3
8.899148555E1,1.001099792E3
8.903147946E1,1.001196228E3
8.907147941E1,1.001297058E3
8.911147915E1,1.001327087E3
8.915148139E1,1.001299011E3
8.919148613E1,1.001183777E3
8.923150514E1,1.001032166E3
8.927147920E1,1.000900330E3
8.931147941E1,1.000850281E3
8.935147936E1,1.000802917E3
8.939148759E1,1.000770691E3
8.943149540E1,1.000735291E3
8.947149368E1,1.000717712E3
8.951148144E1,1.000715027E3
8.955147920E1,1.000730896E3
8.959148149E1,1.000754089E3
8.963148144E1,1.000880554E3
8.967150696E1,1.000944031E3
8.971147915E1,1.000909851E3
8.975147915E1,1.000855896E3
8.979148019E1,1.000817810E3
8.983148331E1,1.000795837E3
8.987148170E1,1.000827332E3
8.991148050E1,1.000934509E3
8.995148811E1,1.001058533E3
8.999147967E1,1.001171082E3
9.003221503E1,1.001228210E3
9.007148904E1,1.001220398E3
9.011147941E1,1.001163757E3
9.015147915E1,1.000976013E3
9.019147915E1,1.000845886E3
9.023147941E1,1.000816589E3
9.027148472E1,1.000777283E3
9.031147930E1,1.000729187E3
9.035147910E1,1.000698181E3
9.039147894E1,1.000671814E3
9.043148201E1,1.000663025E3
9.047202321E1,1.000674500E3
9.051148384E1,1.000687927E3
9.055150566E1,1.000722107E3
9.059147941E1,1.000788757E3
9.063147889E1,1.000824158E3
9.067148149E1,1.000818542E3
9.071148863E1,1.000794617E3
9.075148113E1,1.000766296E3
9.079147884E1,1.000765320E3
9.083147910E1,1.000985535E3
9.087148139E1,1.001106628E3
9.091151118E1,1.001214539E3
9.095150701E1,1.001240173E3
9.099147920E1,1.001232361E3
9.103147884E1,1.001157898E3
9.107147910E1,1.000973328E3
9.111146660E1,1.000894226E3
9.115148805E1,1.000838318E3
9.119148081E1,1.000745300E3
9.123147915E1,1.000708679E3
9.127147884E1,1.000658142E3
9.131148175E1,1.000628357E3
9.135149477E1,1.000621277E3
9.139156623E1,1.000626404E3
9.143147915E1,1.000637146E3
9.147151180E1,1.000661560E3
9.151147910E1,1.000705994E3
9.155234040E1,1.000717712E3
9.159148347E1,1.000704285E3
9.163150087E1,1.000697937E3
9.167147889E1,1.000718445E3
9.171147910E1,1.000815857E3
9.175147889E1,1.000956482E3
9.179148743E1,1.001099548E3
9.183219279E1,1.001213806E3
9.187151186E1,1.001261414E3
9.191147920E1,1.001232605E3
9.195146753E1,1.001139587E3
9.199235587E1,1.000975769E3
9.203148540E1,1.000830261E3
9.207150316E1,1.000776794E3
9.211147915E1,1.000687927E3
9.215147915E1,1.000633728E3
9.219148139E1,1.000583679E3
9.223149410E1,1.000558289E3
9.227148160E1,1.000554871E3
9.231149050E1,1.000578308E3
9.235147915E1,1.000620544E3
9.239147915E1,1.000666199E3
9.243161498E1,1.000685974E3
9.247148128E1,1.000679138E3
9.251147936E1,1.000674011E3
9.255147915E1,1.000667908E3
9.259148040E1,1.000651306E3
9.263149118E1,1.000678650E3
9.267148227E1,1.000745789E3
9.271148212E1,1.000857849E3
9.275148217E1,1.001000671E3
9.279147186E1,1.001133728E3
9.283147399E1,1.001192810E3
9.287150061E1,1.001227722E3
9.291147311E1,1.001192810E3
9.295147191E1,1.001033875E3
9.299147941E1,1.000881287E3
9.303147915E1,1.000800720E3
9.307146722E1,1.000737976E3
9.311150988E1,1.000647400E3
9.315147936E1,1.000602234E3
9.319147936E1,1.000539001E3
9.323147884E1,1.000513123E3
9.327147982E1,1.000505066E3
9.331149675E1,1.000505310E3
9.335147915E1,1.000513367E3
9.339147884E1,1.000533875E3
9.343148035E1,1.000564392E3
9.347147910E1,1.000626160E3
9.351163920E1,1.000693542E3
9.355150535E1,1.000714050E3
9.359147884E1,1.000739685E3
9.363147910E1,1.000731140E3
9.367148008E1,1.000728699E3
9.371148139E1,1.000737976E3
9.375148076E1,1.000703064E3
9.379147946E1,1.000678406E3
9.383147915E1,1.000729187E3
9.387148066E1,1.000712585E3
9.391147941E1,1.000734802E3
9.395148389E1,1.000767029E3
9.399150779E1,1.000778259E3
9.403147941E1,1.000784607E3
9.407147894E1,1.000792419E3
9.411147910E1,1.000802185E3
9.415147972E1,1.000824158E3
9.419148904E1,1.000820007E3
9.423150696E1,1.000788025E3
9.427147910E1,1.000772156E3
9.431147936E1,1.000906921E3
9.435148029E1,1.000797791E3
9.439149555E1,1.000721375E3
9.443149634E1,1.000674255E3
9.447147920E1,1.000636658E3
9.451147894E1,1.000618835E3
9.455147910E1,1.000620300E3
9.459148727E1,1.000619080E3
9.463150956E1,1.000631287E3
9.467147946E1,1.000642029E3
9.471147915E1,1.000660828E3
9.475148055E1,1.000682556E3
9.479147967E1,1.000688171E3
9.483148462E1,1.000696716E3
9.487147910E1,1.000706970E3
9.491147503E1,1.000724304E3
9.495147941E1,1.000769226E3
9.499147920E1,1.000818787E3
9.503146774E1,1.000971619E3
9.507148540E1,1.001122986E3
9.511147915E1,1.001214050E3
9.515147894E1,1.001258240E3
9.519147915E1,1.001188171E3
9.523147941E1,1.001141052E3
9.527148212E1,1.001002136E3
9.531147884E1,1.000806580E3
9.535147915E1,1.000671570E3
9.539147915E1,1.000575134E3
9.543147941E1,1.000511169E3
9.547168347E1,1.000491882E3
9.551148660E1,1.000482117E3
9.555150519E1,1.000484558E3
9.559147910E1,1.000493103E3
9.563147910E1,1.000506287E3
9.567147998E1,1.000536072E3
9.571148712E1,1.000558777E3
9.575150477E1,1.000587097E3
9.579147555E1,1.000607361E3
9.583147884E1,1.000623718E3
9.587147936E1,1.000615906E3
9.591163727E1,1.000662537E3
9.595151118E1,1.000778748E3
9.599147915E1,1.000905457E3
9.603147910E1,1.001022156E3
9.607147910E1,1.001103699E3
9.611148087E1,1.001095886E3
9.615149675E1,1.000973572E3
9.619146587E1,1.000803650E3
9.623150727E1,1.000673767E3
9.627147884E1,1.000618347E3
9.631147889E1,1.000607117E3
9.635150769E1,1.000561951E3
9.639148165E1,1.000512390E3
9.643147920E1,1.000477478E3
9.647147915E1,1.000478210E3
9.651147915E1,1.000497742E3
9.655148712E1,1.000525574E3
9.659150654E1,1.000612000E3
9.663148311E1,1.000636902E3
9.667147878E1,1.000652527E3
9.671147904E1,1.000652283E3
9.675147988E1,1.000620056E3
9.679148717E1,1.000589539E3
9.683148701E1,1.000627625E3
9.687147884E1,1.000697693E3
9.691147941E1,1.000828064E3
9.695147946E1,1.000968445E3
9.699147337E1,1.001073181E3
9.703148108E1,1.001102966E3
9.707147915E1,1.001064636E3
9.711147910E1,1.000964294E3
9.715147884E1,1.000771912E3
9.719147941E1,1.000665955E3
9.723148795E1,1.000640320E3
9.727147910E1,1.000554871E3
9.731147884E1,1.000520691E3
9.735147915E1,1.000470886E3
9.739147884E1,1.000426941E3
9.743148352E1,1.000416931E3
9.747149399E1,1.000432312E3
9.751147920E1,1.000456970E3
9.755147915E1,1.000542419E3
9.759147889E1,1.000573914E3
9.763147967E1,1.000562927E3
9.767148170E1,1.000542664E3
9.771147915E1,1.000538513E3
9.775147915E1,1.000561951E3
9.779147946E1,1.000645935E3
9.783147894E1,1.000784851E3
9.787176769E1,1.000901306E3
9.791150680E1,1.001012146E3
9.795147915E1,1.001073669E3
9.799147915E1,1.001087341E3
9.803147941E1,1.001014587E3
9.807147941E1,1.000809753E3
9.811149300E1,1.000703308E3
9.815150545E1,1.000658630E3
9.819147941E1,1.000547791E3
9.823147910E1,1.000451355E3
9.827147889E1,1.000355164E3
9.831150899E1,1.000336609E3
9.835149524E1,1.000344910E3
9.839147915E1,1.000359070E3
9.843147915E1,1.000397644E3
9.847147550E1,1.000440857E3
9.851147915E1,1.000447205E3
9.855151008E1,1.000447449E3
9.859146613E1,1.000445740E3
9.863147920E1,1.000443787E3
9.867148951E1,1.000492371E3
9.871148144E1,1.000594421E3
9.875148149E1,1.000734314E3
9.879148592E1,1.000846375E3
9.883147915E1,1.000977966E3
9.887147863E1,1.001042664E3
9.891148863E1,1.001061218E3
9.895146930E1,1.000990906E3
9.899148144E1,1.000822937E3
9.903147946E1,1.000629578E3
9.907147889E1,1.000612000E3
9.911147920E1,1.000525330E3
9.915148087E1,1.000428406E3
9.919148238E1,1.000383972E3
9.923148587E1,1.000335388E3
9.927147889E1,1.000314636E3
9.931147889E1,1.000303162E3
9.935147915E1,1.000314636E3
9.939146722E1,1.000337585E3
9.943148644E1,1.000389343E3
9.947147915E1,1.000439880E3
9.951147941E1,1.000452576E3
9.955147915E1,1.000453796E3
9.959147946E1,1.000462097E3
9.963148118E1,1.000489197E3
9.967150550E1,1.000472839E3
9.971147920E1,1.000483826E3
9.975147884E1,1.000637146E3
9.979147920E1,1.000775818E3
9.983174962E1,1.000891296E3
9.987148904E1,1.001050720E3
9.991147894E1,1.001125671E3
9.995147894E1,1.001144714E3
9.999147920E1,1.001141785E3
1.000314802E2,1.001105652E3
1.000714879E2,1.000955261E3
1.001114792E2,1.000745056E3
1.001514789E2,1.000847351E3
1.001914792E2,1.000738220E3
1.002314796E2,1.000501648E3
1.002715489E2,1.000331238E3
1.003114937E2,1.000215515E3
1.003514786E2,1.000152283E3
1.003914790E2,1.000120789E3
1.004314803E2,1.000117859E3
1.004714791E2,1.000123718E3
1.005114887E2,1.000133484E3
1.005515200E2,1.000151794E3
1.005914752E2,1.000180847E3
1.006314805E2,1.000209656E3
1.006714810E2,1.000237000E3
1.007114879E2,1.000255066E3
1.007514806E2,1.000279480E3
1.007914786E2,1.000305847E3
1.008314791E2,1.000329773E3
1.008714791E2,1.000362244E3
1.009114672E2,1.000400085E3
1.009514819E2,1.000408630E3
1.009914793E2,1.000426208E3
1.010314797E2,1.000420837E3
1.010714788E2,1.000426941E3
1.011114801E2,1.000433044E3
1.011514869E2,1.000439636E3
1.011914808E2,1.000434998E3
1.012314794E2,1.000510681E3
1.012714791E2,1.000517029E3
1.013114868E2,1.000511169E3
1.013514680E2,1.000564636E3
1.013914807E2,1.000597839E3
1.014314795E2,1.000533630E3
1.014714792E2,1.000496033E3
1.015114791E2,1.000469910E3
1.015514799E2,1.000462341E3
1.015914840E2,1.000457214E3
1.016314816E2,1.000457214E3
1.016714753E2,1.000449890E3
1.017114795E2,1.000464050E3
1.017514791E2,1.000468201E3
1.017917523E2,1.000518982E3
1.018314806E2,1.000551453E3
1.018714789E2,1.000537048E3
1.019114791E2,1.000520935E3
1.019514795E2,1.000623230E3
1.019914794E2,1.000854187E3
1.020314809E2,1.000927673E3
1.020714789E2,1.000919373E3
1.021114791E2,1.000772888E3
1.021514791E2,1.000614197E3
1.021914833E2,1.000531433E3
1.022316093E2,1.000459412E3
1.022714966E2,1.000473083E3
1.023114789E2,1.000465515E3
1.023514795E2,1.000424500E3
1.023914791E2,1.000381531E3
1.024314797E2,1.000349060E3
1.024715104E2,1.000356140E3
1.025114809E2,1.000361023E3
1.025514789E2,1.000399597E3
1.025914794E2,1.000514832E3
1.026314823E2,1.000516052E3
1.026714800E2,1.000475769E3
1.027115080E2,1.000465027E3
1.027514792E2,1.000451599E3
1.027914791E2,1.000458679E3
1.028314804E2,1.000524841E3
1.028714866E2,1.000671326E3
1.029114803E2,1.000809021E3
1.029514789E2,1.000915222E3
1.029914788E2,1.000950134E3
1.030314791E2,1.000906921E3
1.030714799E2,1.000694519E3
1.031114857E2,1.000514099E3
1.031514814E2,1.000513367E3
1.031914792E2,1.000471375E3
1.032314794E2,1.000389099E3
1.032714794E2,1.000326355E3
1.033114678E2,1.000289490E3
1.033514966E2,1.000283875E3
1.033914794E2,1.000289001E3
1.034314791E2,1.000304871E3
1.034714789E2,1.000312927E3
1.035114794E2,1.000336121E3
1.035514823E2,1.000368103E3
1.035914803E2,1.000349060E3
1.036314791E2,1.000343933E3
1.036714789E2,1.000397644E3
1.037114792E2,1.000480652E3
1.037514853E2,1.000626404E3
1.037915096E2,1.000778748E3
1.038314791E2,1.000892761E3
1.038714791E2,1.000921814E3
1.039114791E2,1.000884216E3
1.039515094E2,1.000727478E3
1.039914870E2,1.000526306E3
1.040314792E2,1.000445251E3
1.040714789E2,1.000393005E3
1.041114791E2,1.000325867E3
1.041514791E2,1.000265076E3
1.041916481E2,1.000223328E3
1.042315336E2,1.000209412E3
1.042714962E2,1.000222595E3
1.043114827E2,1.000248474E3
1.043514791E2,1.000333435E3
1.043914796E2,1.000355652E3
1.044314809E2,1.000366882E3
1.044714804E2,1.000350037E3
1.045114795E2,1.000311707E3
1.045514789E2,1.000297546E3
1.045914801E2,1.000338806E3
1.046315268E2,1.000418884E3
1.046714803E2,1.000560486E3
1.047114789E2,1.000718689E3
1.047514789E2,1.000842224E3
1.047915004E2,1.000895203E3
1.048314792E2,1.000884949E3
1.048716000E2,1.000723328E3
1.049114791E2,1.000513123E3
1.049514789E2,1.000394958E3
1.049914801E2,1.000335876E3
1.050314799E2,1.000269226E3
1.050714826E2,1.000227478E3
1.051114804E2,1.000184998E3
1.051514792E2,1.000159363E3
1.051914791E2,1.000160583E3
1.052314792E2,1.000178406E3
1.052714665E2,1.000217224E3
1.053114845E2,1.000277771E3
1.053514815E2,1.000315369E3
1.053914791E2,1.000297546E3
1.054314791E2,1.000276794E3
1.054714800E2,1.000263855E3
1.055114822E2,1.000307312E3
1.055515793E2,1.000365906E3
1.055914789E2,1.000492615E3
1.056314791E2,1.000636902E3
1.056714791E2,1.000814148E3
1.057114845E2,1.000801697E3
1.057514948E2,1.000702820E3
1.057914794E2,1.000539490E3
1.058314792E2,1.000419617E3
1.058714794E2,1.000352966E3
1.059114812E2,1.000273376E3
1.059514836E2,1.000203552E3
1.059914794E2,1.000153015E3
1.060314791E2,1.000122742E3
1.060714789E2,1.000128357E3
1.061114791E2,1.000146179E3
1.061517011E2,1.000213318E3
1.061915243E2,1.000287292E3
1.062314791E2,1.000307312E3
1.062714791E2,1.000310730E3
1.063114804E2,1.000281433E3
1.063514797E2,1.000261414E3
1.063914965E2,1.000240662E3
1.064314953E2,1.000306091E3
1.064714792E2,1.000412781E3
1.065114791E2,1.000506042E3
1.065514804E2,1.000670349E3
1.065915388E2,1.000817322E3
1.066315094E2,1.000860535E3
1.066714794E2,1.000896667E3
1.067114807E2,1.000915222E3
1.067514791E2,1.000841492E3
1.067914791E2,1.000641296E3
1.068314935E2,1.000577087E3
1.068714670E2,1.000581726E3
1.069114788E2,1.000327576E3
1.069514791E2,1.000142761E3
1.069914810E2,1.000035339E3
1.070314813E2,9.999672241E2
1.070714750E2,9.999279175E2
1.071114791E2,9.999249878E2
1.071514791E2,9.999354858E2
1.071914789E2,9.999503784E2
1.072314905E2,9.999608765E2
1.072714805E2,9.999843140E2
1.073114804E2,1.000012146E3
1.073514794E2,1.000034119E3
1.073914791E2,1.000062927E3
1.074314800E2,1.000085144E3
1.074714861E2,1.000112488E3
1.075114662E2,1.000139832E3
1.075514791E2,1.000149597E3
1.075914804E2,1.000175720E3
1.076314807E2,1.000197449E3
1.076714807E2,1.000212585E3
1.077114855E2,1.000247986E3
1.077514795E2,1.000264587E3
1.077914792E2,1.000325378E3
1.078314794E2,1.000437927E3
1.078714820E2,1.000486023E3
1.079114937E2,1.000476013E3
1.079514795E2,1.000457214E3
1.079914791E2,1.000403992E3
1.080314789E2,1.000368835E3
1.080714791E2,1.000337341E3
1.081117750E2,1.000266785E3
1.081516293E2,1.000229187E3
1.081914789E2,1.000204285E3
1.082314796E2,1.000179138E3
1.082714793E2,1.000187927E3
1.083114790E2,1.000189880E3
1.083514820E2,1.000298279E3
1.083914961E2,1.000398376E3
1.084314796E2,1.000343445E3
1.084714794E2,1.000314392E3
1.085114851E2,1.000293396E3
1.085515622E2,1.000279724E3
1.085914871E2,1.000250183E3
1.086314793E2,1.000238464E3
1.086714793E2,1.000332458E3
1.087114794E2,1.000477234E3
1.087514801E2,1.000604431E3
1.087914921E2,1.000683289E3
1.088314808E2,1.000693542E3
1.088714791E2,1.000684509E3
1.089114793E2,1.000667419E3
1.089514804E2,1.000561218E3
1.089914816E2,1.000407410E3
1.090316831E2,1.000296082E3
1.090714791E2,1.000280945E3
1.091114795E2,1.000192566E3
1.091514794E2,1.000145935E3
1.091914827E2,1.000093933E3
1.092314862E2,1.000066833E3
1.092714793E2,1.000057800E3
1.093114796E2,1.000070740E3
1.093514796E2,1.000193542E3
1.093914811E2,1.000287781E3
1.094314885E2,1.000300720E3
1.094714814E2,1.000267761E3
1.095114796E2,1.000250183E3
1.095514805E2,1.000204041E3
1.095914793E2,1.000169861E3
1.096314676E2,1.000239441E3
1.096714793E2,1.000354431E3
1.097114791E2,1.000476990E3
1.097514793E2,1.000588074E3
1.097914793E2,1.000645935E3
1.098314798E2,1.000629333E3
1.098714822E2,1.000482117E3
1.099116729E2,1.000302429E3
1.099514790E2,1.000242859E3
1.099914793E2,1.000238464E3
1.100314793E2,1.000152283E3
1.100718180E2,1.000081970E3
1.101117286E2,1.000044373E3
1.101514791E2,1.000019226E3
1.101914793E2,1.000019226E3
1.102314794E2,1.000033386E3
1.102714801E2,1.000117859E3
1.103114866E2,1.000149597E3
1.103514955E2,1.000157166E3
1.103914794E2,1.000153748E3
1.104314793E2,1.000135193E3
1.104714790E2,1.000120544E3
1.105116342E2,1.000162537E3
1.105516678E2,1.000277771E3
1.105914796E2,1.000424011E3
1.106314793E2,1.000568054E3
1.106714791E2,1.000671814E3
1.107114799E2,1.000689880E3
1.107514808E2,1.000637878E3
1.107914869E2,1.000503113E3
1.108314793E2,1.000319031E3
1.108714754E2,1.000211121E3
1.109114793E2,1.000183533E3
1.109514830E2,1.000095642E3
1.109914809E2,1.000078796E3
1.110314795E2,1.000014587E3
1.110714793E2,9.999689331E2
1.111114792E2,9.999567261E2
1.111514887E2,9.999635620E2
1.111914865E2,9.999806519E2
1.112314793E2,1.000010193E3
1.112714791E2,1.000078796E3
1.113114805E2,1.000122986E3
1.113514803E2,1.000110779E3
1.113914859E2,1.000089294E3
1.114317019E2,1.000076355E3
1.114714791E2,1.000102722E3
1.115114793E2,1.000192078E3
1.115514796E2,1.000341248E3
1.115914770E2,1.000477966E3
1.116314850E2,1.000582214E3
1.116714791E2,1.000626892E3
1.117114790E2,1.000599060E3
1.117514793E2,1.000489197E3
1.117914879E2,1.000322937E3
1.118314823E2,1.000227234E3
1.118714812E2,1.000174744E3
1.119114793E2,1.000084656E3
1.119514795E2,1.000024841E3
1.119914793E2,9.999662476E2
1.120314895E2,9.999401245E2
1.120718058E2,9.999310913E2
1.121114793E2,9.999308472E2
1.121514793E2,9.999542847E2
1.121914795E2,1.000000183E3
1.122314801E2,1.000011169E3
1.122714885E2,1.000017517E3
1.123114958E2,1.000012634E3
1.123514793E2,1.000008728E3
1.123914795E2,1.000011169E3
1.124314795E2,1.000085144E3
1.124717458E2,1.000197937E3
1.125114958E2,1.000348572E3
1.125514791E2,1.000521179E3
1.125914793E2,1.000655212E3
1.126314796E2,1.000699402E3
1.126714808E2,1.000651794E3
1.127114985E2,1.000476013E3
1.127514820E2,1.000285828E3
1.127914793E2,1.000341736E3
1.128314791E2,1.000208923E3
1.128714795E2,1.000099060E3
1.129115129E2,9.999852905E2
1.129514820E2,9.999030151E2
1.129914793E2,9.998573608E2
1.130314795E2,9.998378296E2
1.130714793E2,9.998593140E2
1.131114805E2,9.999501343E2
1.131514972E2,1.000024109E3
1.131914793E2,1.000018005E3
1.132314793E2,1.000032898E3
1.132714793E2,1.000026306E3
1.133114795E2,9.999953003E2
1.133514879E2,9.999813843E2
1.133914816E2,9.999552612E2
1.134314793E2,1.000009216E3
1.134714790E2,9.999960327E2
1.135114793E2,1.000016296E3
1.135514700E2,1.000045349E3
1.135914931E2,1.000045349E3
1.136314791E2,1.000031677E3
1.136714791E2,1.000009460E3
1.137114793E2,9.999965210E2
1.137514813E2,1.000038757E3
1.137914842E2,1.000037537E3
1.138314807E2,1.000040222E3
1.138714793E2,1.000049255E3
1.139114793E2,1.000173767E3
1.139514793E2,1.000114197E3
1.139914680E2,1.000076111E3
1.140318365E2,1.000042419E3
1.140714793E2,1.000021179E3
1.141114790E2,1.000017517E3
1.141514795E2,1.000015564E3
1.141914793E2,1.000009705E3
1.142314820E2,1.000016296E3
1.142714960E2,1.000025085E3
1.143114793E2,1.000047302E3
1.143514790E2,1.000050476E3
1.143914791E2,1.000057800E3
1.144317224E2,1.000068054E3
1.144714965E2,1.000075134E3
1.145114794E2,1.000160583E3
1.145514755E2,1.000257263E3
1.145914791E2,1.000403015E3
1.146314801E2,1.000544128E3
1.146714875E2,1.000641541E3
1.147114947E2,1.000690369E3
1.147514794E2,1.000588562E3
1.147914793E2,1.000449646E3
1.148314791E2,1.000447937E3
1.148715950E2,1.000283875E3
1.149114962E2,1.000097107E3
1.149514794E2,9.999926147E2
1.149914792E2,9.999159546E2
1.150314793E2,9.998627319E2
1.150714795E2,9.998395386E2
1.151116888E2,9.998336792E2
1.151514796E2,9.998488159E2
1.151914793E2,9.998654175E2
1.152314805E2,9.998981323E2
1.152714812E2,9.999437866E2
1.153114915E2,9.999655151E2
1.153514834E2,9.999772339E2
1.153914791E2,1.000031921E3
1.154314793E2,1.000011902E3
1.154714794E2,1.000057068E3
1.155114889E2,1.000137634E3
1.155514946E2,1.000250671E3
1.155914793E2,1.000345398E3
1.156314793E2,1.000460144E3
1.156714791E2,1.000509949E3
1.157114801E2,1.000525085E3
1.157514881E2,1.000422058E3
1.157914876E2,1.000224304E3
1.158314794E2,1.000070496E3
1.158714794E2,1.000025085E3
1.159114790E2,1.000011658E3
1.159514675E2,9.999730835E2
1.159918797E2,9.998898315E2
1.160314793E2,9.998331909E2
1.160714791E2,9.998080444E2
1.161114805E2,9.998078003E2
1.161514827E2,9.998278198E2
1.161914809E2,9.999225464E2
1.162314932E2,1.000004089E3
1.162714793E2,1.000009460E3
1.163114803E2,1.000007996E3
1.163514793E2,1.000044128E3
1.163917683E2,1.000007507E3
1.164314951E2,1.000035339E3
1.164714791E2,1.000099060E3
1.165114794E2,1.000217468E3
1.165514791E2,1.000321228E3
1.165914793E2,1.000414490E3
1.166314944E2,1.000457703E3
1.166714794E2,1.000432312E3
1.167114791E2,1.000336365E3
1.167514793E2,1.000031677E3
1.167914853E2,1.000037048E3
1.168315766E2,9.999169312E2
1.168714816E2,9.998727417E2
1.169114791E2,9.997924194E2
1.169514806E2,9.997448120E2
1.169914793E2,9.997230835E2
1.170314801E2,9.997250366E2
1.170714807E2,9.997413940E2
1.171114808E2,9.997684937E2
1.171514793E2,9.998092651E2
1.171914793E2,9.998483276E2
1.172314796E2,9.998656616E2
1.172714883E2,9.998583374E2
1.173114820E2,9.998786011E2
1.173514794E2,9.999288940E2
1.173914793E2,1.000044373E3
1.174314793E2,1.000177917E3
1.174714691E2,1.000301941E3
1.175114808E2,1.000379578E3
1.175514672E2,1.000401062E3
1.175914796E2,1.000361511E3
1.176314791E2,1.000167419E3
1.176714831E2,9.999857788E2
1.177114858E2,9.999291382E2
1.177514953E2,9.998881226E2
1.177914790E2,9.998434448E2
1.178314793E2,9.997819214E2
1.178714793E2,9.997418823E2
1.179114680E2,9.997245483E2
1.179518367E2,9.997296753E2
1.179914793E2,9.997423706E2
1.180314791E2,9.997824097E2
1.180714793E2,9.998619995E2
1.181114817E2,9.998978882E2
1.181514838E2,9.998693237E2
1.181914957E2,9.998624878E2
1.182314791E2,9.998668823E2
1.182714793E2,9.998807983E2
1.183114790E2,9.999054565E2
1.183514829E2,1.000007019E3
1.183916560E2,1.000156677E3
1.184314793E2,1.000294861E3
1.184714795E2,1.000391541E3
1.185114793E2,1.000436462E3
1.185514803E2,1.000429382E3
1.185914822E2,1.000337830E3
1.186314965E2,1.000171326E3
1.186714793E2,1.000077576E3
1.187114791E2,9.999218140E2
1.187514793E2,9.998034058E2
1.187916281E2,9.997162476E2
1.188314887E2,9.996657104E2
1.188714795E2,9.996422729E2
1.189114790E2,9.996378784E2
1.189514793E2,9.996542358E2
1.189914808E2,9.996840210E2
1.190314932E2,9.997225952E2
1.190714791E2,9.997951050E2
1.191114794E2,9.998363647E2
1.191514794E2,9.998258667E2
1.191914795E2,9.998163452E2
1.192314935E2,9.998097534E2
1.192714934E2,9.998041382E2
1.193114793E2,9.998024292E2
1.193514806E2,9.998473511E2
1.193914792E2,9.999354858E2
1.194314880E2,1.000011902E3
1.194714870E2,1.000108093E3
1.195114796E2,1.000271179E3
1.195514796E2,1.000366394E3
1.195914793E2,1.000444031E3
1.196314829E2,1.000495544E3
1.196714888E2,1.000511414E3
1.197114800E2,1.000493347E3
1.197514796E2,1.000485779E3
1.197914796E2,1.000322205E3
1.198314796E2,1.000344421E3
1.198714679E2,1.000298035E3
1.199114867E2,1.000018494E3
1.199514793E2,9.997816772E2
1.199914790E2,9.996403198E2
1.200314793E2,9.995346069E2
1.200714793E2,9.994762573E2
1.201114823E2,9.994540405E2
1.201514954E2,9.994606323E2
1.201914793E2,9.994848022E2
1.202314793E2,9.995038452E2
1.202714793E2,9.995199585E2
1.203117829E2,9.995558472E2
1.203514935E2,9.995739136E2
1.203914964E2,9.996242065E2
1.204314790E2,9.996476440E2
1.204714794E2,9.996754761E2
1.205114806E2,9.996998901E2
1.205514876E2,9.997201538E2
1.205914817E2,9.998080444E2
1.206314794E2,1.000202576E3
1.206714793E2,1.000206238E3
1.207114793E2,1.000103943E3
1.207522342E2,9.999979858E2
1.207918457E2,9.999035034E2
1.208315067E2,9.998471069E2
1.208714796E2,9.998065796E2
1.209114794E2,9.998832397E2
1.209514799E2,9.999530640E2
1.209914918E2,9.999362183E2
1.210314864E2,9.999332886E2
1.210714861E2,9.998598022E2
1.211115119E2,9.997814331E2
1.211514796E2,9.997338257E2
1.211917059E2,9.997094116E2
1.212314828E2,9.997042847E2
1.212715056E2,9.997050171E2
1.213114811E2,9.997116089E2
1.213514793E2,9.997399292E2
1.213914889E2,9.997655640E2
1.214314916E2,9.997780151E2
1.214718234E2,9.997811890E2
1.215114805E2,9.997794800E2
1.215514960E2,9.997831421E2
1.215914802E2,9.998214722E2
1.216320465E2,9.998458862E2
1.216714887E2,9.998263550E2
1.217114814E2,9.998290405E2
1.217515138E2,9.998283081E2
1.217914793E2,9.998348999E2
1.218314804E2,9.998427124E2
1.218714977E2,9.998317261E2
1.219115116E2,9.998400269E2
1.219514794E2,9.998598022E2
1.219914674E2,9.998619995E2
1.220314801E2,9.998732300E2
1.220717131E2,9.999389038E2
1.221115053E2,9.999779663E2
1.221517277E2,9.999254761E2
1.221915074E2,9.999479370E2
1.222315069E2,9.999113159E2
1.222714903E2,9.999161987E2
1.223114909E2,9.998444214E2
1.223518682E2,9.998165894E2
1.223915941E2,9.998024292E2
1.224314845E2,9.997904663E2
1.224714801E2,9.997775269E2
1.225114814E2,9.997858276E2
1.225514809E2,9.997897339E2
1.225914794E2,9.997921753E2
1.226314796E2,9.998563843E2
1.226714794E2,9.998900757E2
1.227114834E2,9.998947144E2
1.227514813E2,9.999152222E2
1.227914813E2,9.999249878E2
1.228314859E2,9.999625854E2
1.228714793E2,9.999733276E2
1.229114806E2,9.999838257E2
1.229514873E2,9.999550171E2
1.229914804E2,1.000006531E3
1.230314808E2,1.000032654E3
1.230714664E2,1.000006531E3
1.231114793E2,9.999682007E2
1.231521438E2,9.999476929E2
1.231914860E2,9.999415894E2
1.232314813E2,9.999562378E2
1.232714793E2,9.999667358E2
1.233114794E2,9.999608765E2
1.233514793E2,1.000027039E3
1.233914830E2,1.000047058E3
1.234314816E2,9.999811401E2
1.234714793E2,9.999640503E2
1.235114793E2,9.999943237E2
1.235514814E2,9.998922729E2
1.235914817E2,9.998190308E2
1.236314862E2,9.997775269E2
1.236714791E2,9.997467651E2
1.237114793E2,9.997335815E2
1.237514791E2,9.997262573E2
1.237914668E2,9.997282104E2
1.238314929E2,9.997311401E2
1.238715030E2,9.997382202E2
1.239114939E2,9.997352905E2
1.239514796E2,9.997516479E2
1.239914804E2,9.997650757E2
1.240319588E2,9.998327026E2
1.240714839E2,9.999713745E2
1.241115106E2,1.000012146E3
1.241514812E2,9.999857788E2
1.241914790E2,9.999242554E2
1.242314925E2,9.999530640E2
1.242714802E2,9.999889526E2
1.243115074E2,9.999606323E2
1.243514793E2,9.998939819E2
1.243914791E2,9.998571167E2
1.244314801E2,9.998390503E2
1.244714825E2,9.998231812E2
1.245114967E2,9.998729858E2
1.245515066E2,9.999215698E2
1.245914793E2,9.999596558E2
1.246314793E2,9.999921265E2
1.246721780E2,9.999459839E2
1.247114828E2,9.998622437E2
1.247514815E2,9.998412476E2
1.247915117E2,9.998822632E2
1.248314791E2,9.998388062E2
1.248714804E2,9.997997437E2
1.249115203E2,9.997963257E2
1.249514915E2,9.998449097E2
1.249915065E2,9.998593140E2
1.250315025E2,9.998737183E2
1.250714794E2,9.998861694E2
1.251120911E2,9.998854370E2
1.251514893E2,9.998822632E2
1.251914790E2,9.998912964E2
1.252314675E2,9.999528198E2
1.252714803E2,9.999813843E2
1.253114796E2,9.999818726E2
1.253515010E2,9.999574585E2
1.253915094E2,9.999581909E2
1.254314796E2,9.999901733E2
1.254715096E2,1.000034119E3
1.255114802E2,1.000095154E3
1.255515506E2,1.000140076E3
1.255915203E2,1.000148376E3
1.256314794E2,1.000081970E3
1.256714791E2,1.000044373E3
1.257114794E2,1.000025085E3
1.257514672E2,9.999689331E2
1.257914849E2,9.998961792E2
1.258314898E2,9.998231812E2
1.258722583E2,9.997931519E2
1.259114793E2,9.998029175E2
1.259514802E2,9.998153687E2
1.259918011E2,9.998241577E2
1.260314828E2,9.998348999E2
1.260715069E2,9.998275757E2
1.261114793E2,9.998317261E2
1.261514790E2,9.998068237E2
1.261914780E2,9.998322144E2
1.262314891E2,9.998983765E2
1.262714859E2,9.999320679E2
1.263114869E2,9.999249878E2
1.263516906E2,9.998568726E2
1.263914770E2,9.998649292E2
1.264314806E2,9.998727417E2
1.264714808E2,9.998712769E2
1.265114990E2,9.998104858E2
1.265514916E2,9.997706909E2
1.265915061E2,9.997838745E2
1.266314808E2,9.998016968E2
1.266714794E2,9.998192749E2
1.267114809E2,9.998265991E2
1.267514815E2,9.998119507E2
1.267914928E2,9.998485718E2
1.268314799E2,9.998207397E2
1.268715096E2,9.997687378E2
1.269114805E2,9.997343140E2
1.269514668E2,9.997470093E2
1.269914961E2,9.997545776E2
1.270314793E2,9.997406616E2
1.270714794E2,9.997057495E2
1.271114808E2,9.996915894E2
1.271514807E2,9.996879272E2
1.271914736E2,9.996972046E2
1.272314736E2,9.997072144E2
1.272714651E2,9.997304077E2
1.273114985E2,9.997301636E2
1.273514732E2,9.997435913E2
1.273914718E2,9.997562866E2
1.274314736E2,9.997597046E2
1.274714794E2,9.997689819E2
1.275114890E2,9.997882690E2
1.275514791E2,9.997951050E2
1.275914804E2,9.998182983E2
1.276314917E2,9.998366089E2
1.276714803E2,9.998473511E2
1.277114804E2,9.998439331E2
1.277514805E2,9.998517456E2
1.277914806E2,9.998527222E2
1.278323521E2,9.998639526E2
1.278714946E2,9.998810425E2
1.279114752E2,9.998886108E2
1.279514793E2,9.998783569E2
1.279914806E2,9.998815308E2
1.280314818E2,9.998912964E2
1.280714874E2,9.999022827E2
1.281114791E2,9.999003296E2
1.281514793E2,9.998837280E2
1.281914793E2,9.998590698E2
1.282314794E2,9.998417358E2
1.282715493E2,9.998246460E2
1.283114815E2,9.998092651E2
1.283514893E2,9.998075562E2
1.283914806E2,9.998065796E2
1.284314806E2,9.997911987E2
1.284714884E2,9.997902222E2
1.285114845E2,9.998016968E2
1.285514833E2,9.997968140E2
1.285914805E2,9.998114624E2
1.286314793E2,9.998265991E2
1.286714802E2,9.998519897E2
1.287115059E2,9.998854370E2
1.287514841E2,9.999108276E2
1.287915104E2,9.999403687E2
1.288314806E2,9.999513550E2
1.288714790E2,9.999464722E2
1.289114671E2,9.999432983E2
1.289514883E2,9.999149780E2
1.289914805E2,9.999035034E2
1.290314791E2,9.998690796E2
1.290714797E2,9.998395386E2
1.291115069E2,9.998341675E2
1.291514984E2,9.998434448E2
1.291914721E2,9.998734741E2
1.292314639E2,9.998807983E2
1.292714872E2,9.998812866E2
1.293114733E2,9.998837280E2
1.293514724E2,9.998827515E2
1.293914734E2,9.998876343E2
1.294314814E2,9.998988647E2
1.294714848E2,9.999091187E2
1.295114793E2,9.999257202E2
1.295514793E2,9.999205933E2
1.295914788E2,9.999169312E2
1.296314793E2,9.999083862E2
1.296714786E2,9.999623413E2
1.297114811E2,9.999198608E2
1.297514791E2,9.998639526E2
1.297914793E2,9.998512573E2
1.298314754E2,9.998661499E2
1.298714870E2,9.998661499E2
1.299114796E2,9.998348999E2
1.299514752E2,9.998287964E2
1.299914902E2,9.998375854E2
1.300314824E2,9.998571167E2
1.300715081E2,9.998654175E2
1.301114806E2,9.998646851E2
1.301514806E2,9.998634644E2
1.301914790E2,9.998598022E2
1.302314829E2,9.998695679E2
1.302714865E2,9.998803101E2
1.303114755E2,9.998905640E2
1.303514793E2,9.998973999E2
1.303914806E2,9.998873901E2
1.304314811E2,9.998888550E2
1.304714864E2,9.998917847E2
1.305114858E2,9.998871460E2
1.305514802E2,9.998942261E2
1.305914721E2,9.999420776E2
1.306314721E2,9.999508667E2
1.306714721E2,9.999320679E2
1.307114733E2,9.999306030E2
1.307514754E2,9.999315796E2
1.307914990E2,9.999144897E2
1.308314795E2,9.999052124E2
1.308714791E2,9.999074097E2
1.309114857E2,9.999159546E2
1.309514799E2,9.999017944E2
1.309915013E2,9.998922729E2
1.310314813E2,9.999132690E2
1.310714818E2,9.999264526E2
1.311114796E2,9.999530640E2
1.311514791E2,9.999335327E2
1.311914793E2,9.999257202E2
1.312314926E2,9.999315796E2
1.312715061E2,9.999235229E2
1.313114791E2,9.999039917E2
1.313514794E2,9.999384155E2
1.313914801E2,1.000015808E3
1.314317853E2,1.000082947E3
1.314714876E2,1.000263611E3
1.315114825E2,1.000316833E3
1.315514804E2,1.000033386E3
1.315914791E2,9.999149780E2
1.316314772E2,9.998185425E2
1.316714865E2,9.997550659E2
1.317114796E2,9.997216187E2
1.317514793E2,9.997057495E2
1.317914808E2,9.997052612E2
1.318314804E2,9.997030640E2
1.318714826E2,9.996932983E2
1.319114805E2,9.996776733E2
1.319514767E2,9.996920776E2
1.319914795E2,9.996962280E2
1.320314803E2,9.997018433E2
1.320714675E2,9.997160034E2
1.321115074E2,9.997387085E2
1.321514791E2,9.997548218E2
1.321914874E2,9.997667847E2
1.322314793E2,9.997799683E2
1.322714811E2,9.998212280E2
1.323114825E2,9.998441772E2
1.323514674E2,9.998336792E2
1.323914793E2,9.998292847E2
1.324314974E2,9.998248901E2
1.324714800E2,9.998278198E2
1.325125265E2,9.998139038E2
1.325514867E2,9.997914429E2
1.325914793E2,9.997890015E2
1.326314796E2,9.997863159E2
1.326714755E2,9.997850952E2
1.327114831E2,9.997816772E2
1.327514955E2,9.997875366E2
1.327914793E2,9.997943726E2
1.328314791E2,9.998031616E2
1.328714796E2,9.998139038E2
1.329114839E2,9.998317261E2
1.329517132E2,9.998688354E2
1.329914871E2,9.999049683E2
1.330314948E2,9.999237671E2
1.330715259E2,9.999086304E2
1.331115057E2,9.998927612E2
1.331514820E2,9.998754272E2
1.331914796E2,9.998720093E2
1.332314793E2,9.998590698E2
1.332714833E2,9.998500366E2
1.333114853E2,9.998356323E2
1.333514793E2,9.998219604E2
1.333914791E2,9.998234253E2
1.334314806E2,9.998368530E2
1.334714813E2,9.998475952E2
1.335114819E2,9.998663940E2
1.335514754E2,9.998912964E2
1.335914808E2,9.999220581E2
1.336314796E2,9.999555054E2
1.336714830E2,9.999848022E2
1.337114793E2,9.999894409E2
1.337514791E2,9.999943237E2
1.337914804E2,9.999799194E2
1.338314880E2,9.999689331E2
1.338715065E2,9.999498901E2
1.339114793E2,9.999225464E2
1.339514793E2,9.999039917E2
1.339914796E2,9.999042358E2
1.340314669E2,9.998920288E2
1.340714856E2,9.998993530E2
1.341114815E2,9.999196167E2
1.341514793E2,9.999435425E2
1.341914791E2,9.999713745E2
1.342314796E2,9.999840698E2
1.342716192E2,9.999716187E2
1.343114969E2,9.999647827E2
1.343514869E2,9.999542847E2
1.343914816E2,9.999308472E2
1.344314799E2,9.999437866E2
1.344714680E2,9.999393921E2
1.345114863E2,9.999230347E2
1.345514794E2,9.998866577E2
1.345914804E2,9.998678589E2
1.346315113E2,9.998590698E2
1.346714806E2,9.998483276E2
1.347114827E2,9.998402710E2
1.347514803E2,9.998434448E2
1.347914796E2,9.998576050E2
1.348314793E2,9.998768921E2
1.348714793E2,9.998849487E2
1.349116414E2,9.998881226E2
1.349514670E2,9.998873901E2
1.349914805E2,9.998829956E2
1.350314806E2,9.998815308E2
1.350714794E2,9.998847046E2
1.351114793E2,9.998952026E2
1.351514793E2,9.999130249E2
1.351914666E2,9.999354858E2
1.352314805E2,9.999381714E2
1.352714793E2,9.999406128E2
1.353114808E2,9.999308472E2
1.353514822E2,9.999161987E2
1.353915073E2,9.999159546E2
1.354314804E2,9.999149780E2
1.354714796E2,9.999122925E2
1.355114793E2,9.999113159E2
1.355514796E2,9.999113159E2
1.355914812E2,9.999076538E2
1.356314675E2,9.998849487E2
1.356714794E2,9.998673706E2
1.357114791E2,9.998651733E2
1.357514793E2,9.998607788E2
1.357915283E2,9.998593140E2
1.358315060E2,9.998519897E2
1.358714794E2,9.998480835E2
1.359114793E2,9.998441772E2
1.359514805E2,9.998424683E2
1.359914671E2,9.998583374E2
1.360314951E2,9.998646851E2
1.360714793E2,9.998583374E2
1.361114791E2,9.998573608E2
1.361514796E2,9.998703003E2
1.361914752E2,9.998776245E2
1.362314825E2,9.998661499E2
1.362714790E2,9.998717651E2
1.363114791E2,9.998639526E2
1.363514806E2,9.998634644E2
1.363914794E2,9.998690796E2
1.364314677E2,9.998768921E2
1.364714791E2,9.998937378E2
1.365114794E2,9.999076538E2
1.365514794E2,9.998995972E2
1.365914767E2,9.999010620E2
1.366314815E2,9.999076538E2
1.366714894E2,9.999083862E2
1.367114791E2,9.999179077E2
1.367514764E2,9.999264526E2
1.367914791E2,9.999308472E2
1.368314794E2,9.999367065E2
1.368714683E2,9.999320679E2
1.369115060E2,9.999364624E2
1.369514797E2,9.999660034E2
1.369914791E2,1.000008972E3
